hsa:238,D01164,0
hsa:1579,D00380,1
hsa:5152,D00417,1
hsa:2044,D01441,1
hsa:444,D00515,0
hsa:5052,D00217,1
hsa:5147,D00501,1
hsa:4129,D02580,1
hsa:1018,D00515,0
hsa:6898,D00158,0
hsa:43,D00196,1
hsa:5547,D00771,0
hsa:3791,D00421,0
hsa:4023,D00567,0
hsa:10549,D03670,1
hsa:2280,D00536,0
hsa:5158,D00501,1
hsa:1548,D00410,1
hsa:260293,D00528,1
hsa:1589,D00528,1
hsa:2677,D00596,0
hsa:2159,D00563,0
hsa:766,D00448,0
hsa:2042,D03899,0
hsa:7957,D00107,1
hsa:7083,D00542,0
hsa:23236,D00902,0
hsa:7083,D02229,0
hsa:5148,D00231,1
hsa:56922,D02558,0
hsa:3156,D00893,1
hsa:51645,D00293,0
hsa:23632,D00519,1
hsa:761,D00218,1
hsa:1589,D00533,0
hsa:8555,D01223,0
hsa:2048,D01977,0
hsa:5600,D04966,0
hsa:1436,D01441,1
hsa:1555,D00542,1
hsa:4919,D01441,0
hsa:8288,D03670,1
hsa:5740,D00542,1
hsa:5142,D00501,1
hsa:1431,D00889,0
hsa:7498,D00401,0
hsa:1723,D00155,0
hsa:1584,D00528,1
hsa:1551,D00317,0
hsa:10924,D03260,0
hsa:8654,D02731,1
hsa:771,D00538,1
hsa:51302,D00542,1
hsa:1537,D03670,1
hsa:1588,D00963,1
hsa:1583,D00528,1
hsa:5137,D00417,1
hsa:4759,D00141,0
hsa:4594,D01027,1
hsa:8513,D04028,1
hsa:5481,D02355,0
hsa:2877,D00186,0
hsa:5159,D04023,1
hsa:7054,D00437,0
hsa:240,D05353,0
hsa:9955,D00885,0
hsa:8435,D01966,1
hsa:5148,D02017,1
hsa:5149,D02008,1
hsa:5742,D01565,1
hsa:27115,D00501,1
hsa:1018,D00487,0
hsa:27115,D00227,1
hsa:8622,D02731,1
hsa:1553,D00563,0
hsa:4143,D00538,0
hsa:5494,D02671,0
hsa:5142,D00425,0
hsa:2322,D01001,0
hsa:6098,D00293,0
hsa:3614,D00130,0
hsa:313,D01223,1
hsa:1579,D00394,1
hsa:3156,D00359,1
hsa:55902,D00186,0
hsa:1734,D00401,1
hsa:1586,D03670,1
hsa:1735,D00217,1
hsa:1576,D00283,1
hsa:5743,D00217,1
hsa:3717,D02350,0
hsa:4233,D00132,0
hsa:80339,D01223,1
hsa:1849,D00494,0
hsa:1844,D01747,0
hsa:10667,D01061,0
hsa:3906,D00293,1
hsa:645,D02008,0
hsa:4593,D00726,1
hsa:1436,D00771,0
hsa:6716,D05458,0
hsa:5562,D00451,0
hsa:771,D00505,0
hsa:5144,D03260,1
hsa:22843,D00560,0
hsa:2046,D04023,1
hsa:64802,D02068,0
hsa:64816,D00225,1
hsa:50940,D02731,1
hsa:3612,D02350,0
hsa:5547,D00653,0
hsa:3002,D00136,0
hsa:4915,D00519,0
hsa:57176,D01565,0
hsa:5646,D02173,0
hsa:54658,D01276,1
hsa:239,D00448,1
hsa:765,D00216,0
hsa:1548,D00964,1
hsa:279,D00963,0
hsa:5321,D00325,1
hsa:8529,D00225,1
hsa:57016,D02698,0
hsa:768,D00538,1
hsa:8836,D00533,0
hsa:5137,D01907,0
hsa:50940,D01712,1
hsa:260293,D00225,1
hsa:134510,D00184,1
hsa:4915,D04023,1
hsa:2046,D00454,0
hsa:90,D00512,0
hsa:1890,D00330,0
hsa:768,D00519,1
hsa:51727,D02368,1
hsa:51181,D02290,0
hsa:5742,D00463,1
hsa:5333,D00126,0
hsa:22843,D00184,1
hsa:1577,D00380,1
hsa:1376,D00417,0
hsa:5603,D02168,0
hsa:4190,D05458,0
hsa:5595,D00094,0
hsa:10846,D03260,1
hsa:766,D01196,1
hsa:5594,D00889,0
hsa:246,D01332,1
hsa:1583,D00225,1
hsa:8654,D00528,1
hsa:1025,D00785,0
hsa:5597,D00383,0
hsa:7083,D00584,1
hsa:55512,D00528,1
hsa:5562,D00584,0
hsa:1312,D03822,0
hsa:6259,D01441,1
hsa:54600,D00826,0
hsa:1588,D00542,1
hsa:2065,D04023,1
hsa:1572,D00542,1
hsa:4048,D00126,1
hsa:8529,D03670,1
hsa:5144,D00322,0
hsa:1562,D00528,1
hsa:5137,D00965,0
hsa:4881,D00158,0
hsa:57665,D02290,0
hsa:133121,D00528,1
hsa:1436,D04023,1
hsa:2193,D04023,0
hsa:56922,D00107,0
hsa:1636,D03752,1
hsa:1577,D00410,1
hsa:10858,D00437,1
hsa:1844,D00900,0
hsa:4051,D00654,0
hsa:8556,D00322,0
hsa:52,D00528,0
hsa:50484,D00546,0
hsa:1956,D01441,1
hsa:1544,D00454,1
hsa:1581,D00542,1
hsa:30,D00317,1
hsa:27032,D02562,0
hsa:5151,D02017,1
hsa:30814,D00425,0
hsa:5141,D00501,1
hsa:1565,D00283,1
hsa:5142,D01712,1
hsa:768,D00785,0
hsa:476,D00298,1
hsa:5051,D00568,0
hsa:3002,D03752,0
hsa:5532,D01828,0
hsa:1559,D00593,1
hsa:126,D00410,0
hsa:3001,D04292,0
hsa:28227,D00184,1
hsa:29785,D00960,1
hsa:125,D01973,0
hsa:513,D00328,0
hsa:339221,D00186,0
hsa:51004,D00225,1
hsa:3067,D00902,0
hsa:7294,D01441,1
hsa:30,D00342,1
hsa:1558,D00596,1
hsa:767,D01565,0
hsa:3645,D02008,0
hsa:5445,D01915,0
hsa:765,D00538,1
hsa:2051,D02418,0
hsa:2185,D01441,1
hsa:30833,D00293,0
hsa:11266,D00536,0
hsa:51172,D02368,0
hsa:134510,D02008,0
hsa:1594,D03670,1
hsa:8854,D00130,0
hsa:2098,D00359,0
hsa:231,D00325,0
hsa:5743,D00315,1
hsa:1719,D00960,0
hsa:7150,D01061,1
hsa:1586,D00225,1
hsa:1267,D00968,0
hsa:4128,D00785,1
hsa:8556,D01332,0
hsa:5475,D00107,1
hsa:5516,D00785,0
hsa:8940,D01441,0
hsa:5144,D02008,1
hsa:1549,D00155,0
hsa:7083,D05458,0
hsa:5141,D00371,1
hsa:762,D00218,1
hsa:5337,D00528,1
hsa:5321,D01223,1
hsa:5337,D00417,1
hsa:1312,D00786,1
hsa:5096,D02115,0
hsa:5740,D03670,1
hsa:50,D01915,0
hsa:4233,D00410,0
hsa:29920,D00968,0
hsa:7046,D01747,0
hsa:1557,D00437,1
hsa:54490,D00505,0
hsa:9641,D02342,0
hsa:1581,D00437,1
hsa:5754,D04023,1
hsa:1565,D00380,1
hsa:51601,D01332,0
hsa:767,D00218,1
hsa:246,D00448,1
hsa:93,D02173,0
hsa:2534,D03828,0
hsa:7153,D00330,0
hsa:10924,D00501,1
hsa:4129,D00505,1
hsa:763,D00340,1
hsa:6714,D01441,1
hsa:2936,D02562,0
hsa:1312,D00120,0
hsa:260293,D00437,1
hsa:6714,D00670,0
hsa:5600,D02418,0
hsa:285220,D01441,1
hsa:6240,D03670,1
hsa:3295,D00655,0
hsa:1593,D00584,0
hsa:10461,D01441,1
hsa:26279,D02267,0
hsa:260293,D00960,1
hsa:1559,D03670,1
hsa:51302,D00394,1
hsa:7054,D00785,0
hsa:246,D01364,1
hsa:11238,D00340,1
hsa:7294,D00964,0
hsa:1559,D00126,1
hsa:4051,D00528,1
hsa:4919,D01977,1
hsa:54658,D03899,0
hsa:5147,D00227,1
hsa:10295,D04023,0
hsa:84812,D01027,0
hsa:2042,D01441,1
hsa:51302,D00410,1
hsa:125,D00224,0
hsa:8836,D00107,0
hsa:238,D00142,0
hsa:29785,D01370,0
hsa:7298,D00130,0
hsa:80339,D02289,0
hsa:762,D00340,1
hsa:3817,D00670,0
hsa:11238,D00653,1
hsa:759,D00340,1
hsa:51207,D00184,1
hsa:763,D01196,1
hsa:771,D00519,1
hsa:5148,D02229,1
hsa:5330,D01370,0
hsa:80824,D00535,0
hsa:306,D03670,0
hsa:1543,D00225,1
hsa:5168,D00417,1
hsa:2880,D00593,0
hsa:225689,D00224,0
hsa:3791,D01441,1
hsa:238,D01441,1
hsa:3990,D01223,1
hsa:658,D01907,0
hsa:2161,D01747,0
hsa:761,D03822,0
hsa:5136,D02017,1
hsa:50940,D00371,1
hsa:5136,D00227,1
hsa:1363,D00542,0
hsa:191,D00217,0
hsa:6646,D00960,0
hsa:9420,D00380,1
hsa:1580,D00394,1
hsa:216,D00463,0
hsa:501,D00563,0
hsa:3551,D00560,0
hsa:5831,D00969,0
hsa:5495,D00184,1
hsa:7453,D00670,0
hsa:7364,D00487,0
hsa:587,D00120,0
hsa:5159,D01441,1
hsa:54600,D03365,0
hsa:7155,D00224,0
hsa:762,D00653,1
hsa:100,D00549,0
hsa:1572,D00394,1
hsa:9023,D01122,0
hsa:5476,D00118,0
hsa:260293,D00964,1
hsa:29785,D00964,1
hsa:2232,D01915,0
hsa:4048,D01332,1
hsa:759,D01565,0
hsa:660,D01441,1
hsa:54677,D03365,0
hsa:3067,D00227,0
hsa:5646,D00251,0
hsa:1850,D00136,0
hsa:29785,D00542,1
hsa:5156,D03365,0
hsa:6646,D00340,0
hsa:5475,D00184,1
hsa:5138,D03260,1
hsa:1562,D00964,1
hsa:239,D00141,1
hsa:2677,D00322,0
hsa:54677,D00579,0
hsa:5141,D02375,0
hsa:217,D01907,0
hsa:6416,D02731,0
hsa:11221,D01915,0
hsa:5141,D00417,1
hsa:5597,D00142,0
hsa:5979,D04023,1
hsa:8654,D03260,1
hsa:6241,D03670,1
hsa:4548,D01027,1
hsa:1594,D00225,1
hsa:7301,D01264,0
hsa:8558,D00131,0
hsa:1636,D00383,1
hsa:4594,D00965,0
hsa:2135,D00216,0
hsa:8529,D00437,1
hsa:5408,D04028,1
hsa:349565,D00283,0
hsa:7525,D00625,0
hsa:151531,D00584,1
hsa:1589,D03670,1
hsa:1548,D00574,1
hsa:1588,D00225,1
hsa:5294,D00512,0
hsa:1593,D02671,0
hsa:1200,D02342,0
hsa:1735,D00401,1
hsa:3614,D00423,1
hsa:216,D03828,0
hsa:1843,D02289,0
hsa:1593,D00574,1
hsa:1504,D00218,0
hsa:5051,D01223,1
hsa:4353,D00322,0
hsa:51645,D02698,0
hsa:1553,D00542,1
hsa:5447,D00726,0
hsa:645,D00145,0
hsa:84152,D00107,1
hsa:501,D00131,1
hsa:27032,D00543,1
hsa:10461,D04023,1
hsa:2160,D02168,0
hsa:5607,D00545,0
hsa:5144,D02731,1
hsa:768,D00903,0
hsa:780,D01915,0
hsa:2639,D00127,0
hsa:218,D00131,1
hsa:768,D00653,1
hsa:1582,D00380,1
hsa:10846,D00528,1
hsa:635,D00394,0
hsa:9150,D00184,1
hsa:63904,D00107,1
hsa:94009,D00574,0
hsa:5321,D00324,1
hsa:1848,D00107,1
hsa:5602,D00252,0
hsa:1551,D00530,0
hsa:2064,D01441,1
hsa:51,D00549,1
hsa:5152,D00371,1
hsa:5122,D00889,0
hsa:57665,D00501,1
hsa:81579,D03899,0
hsa:1553,D00574,1
hsa:1594,D00475,0
hsa:7297,D00332,0
hsa:10295,D00882,0
hsa:3988,D04028,1
hsa:5500,D00893,0
hsa:1582,D00528,1
hsa:50484,D00709,0
hsa:2047,D03731,0
hsa:23239,D02289,0
hsa:5053,D00786,0
hsa:5152,D02008,1
hsa:5147,D02008,1
hsa:1577,D00574,1
hsa:3990,D04028,0
hsa:558,D00545,0
hsa:1572,D03670,1
hsa:1593,D00542,1
hsa:444,D00622,0
hsa:1581,D00567,0
hsa:2806,D00224,0
hsa:7156,D01061,1
hsa:3551,D00448,1
hsa:54,D00537,0
hsa:5147,D03260,1
hsa:25796,D01332,0
hsa:111,D05353,0
hsa:771,D02355,0
hsa:1847,D02558,0
hsa:4942,D00298,0
hsa:11266,D00184,1
hsa:11202,D00045,0
hsa:7046,D00333,0
hsa:3290,D03752,0
hsa:1734,D03670,1
hsa:5831,D00584,0
hsa:6725,D02229,0
hsa:1558,D00960,1
hsa:247,D00448,1
hsa:1581,D00542,0
hsa:7365,D00416,0
hsa:1588,D03828,0
hsa:109,D00142,0
hsa:8940,D00513,0
hsa:284541,D00380,1
hsa:1586,D00225,0
hsa:55811,D00549,0
hsa:5142,D02229,1
hsa:2049,D04023,1
hsa:5602,D00448,0
hsa:1562,D05458,0
hsa:4860,D01264,0
hsa:1360,D00596,0
hsa:55811,D02418,0
hsa:2322,D00410,0
hsa:1551,D00394,1
hsa:1595,D00394,1
hsa:240,D00387,0
hsa:2098,D01276,0
hsa:5742,D01475,1
hsa:5515,D02698,0
hsa:5148,D00371,1
hsa:2324,D01977,1
hsa:558,D01441,1
hsa:25824,D00217,1
hsa:51004,D00437,1
hsa:1572,D00410,1
hsa:3735,D00451,0
hsa:1589,D00437,1
hsa:5657,D00652,0
hsa:3645,D04023,1
hsa:765,D00653,1
hsa:5337,D00410,0
hsa:1020,D00454,0
hsa:5481,D02698,0
hsa:2041,D01977,1
hsa:695,D00670,0
hsa:1572,D00380,1
hsa:1543,D00964,1
hsa:472,D00528,0
hsa:50487,D01223,1
hsa:5333,D02008,0
hsa:4048,D00448,1
hsa:5743,D00141,1
hsa:2321,D04023,1
hsa:7150,D02008,0
hsa:4835,D01276,0
hsa:3612,D01264,0
hsa:84171,D00549,0
hsa:5148,D03260,1
hsa:2261,D00322,0
hsa:43,D00487,1
hsa:199974,D00410,1
hsa:1571,D03670,1
hsa:5138,D00528,1
hsa:5537,D00131,0
hsa:2534,D00593,0
hsa:9420,D00574,1
hsa:1719,D00142,1
hsa:5033,D00459,0
hsa:5533,D03670,0
hsa:2597,D02356,0
hsa:4919,D04023,1
hsa:767,D00652,1
hsa:7294,D00132,0
hsa:5743,D00968,1
hsa:5532,D00781,0
hsa:5499,D00107,1
hsa:7301,D04023,1
hsa:5138,D00417,1
hsa:590,D00670,1
hsa:285220,D04023,1
hsa:1806,D00549,0
hsa:10858,D00225,1
hsa:8622,D03260,1
hsa:10667,D00563,0
hsa:3156,D03260,0
hsa:7957,D00655,0
hsa:8654,D02017,1
hsa:686,D00218,0
hsa:3712,D00131,0
hsa:5150,D03260,1
hsa:5599,D00893,0
hsa:55811,D00325,0
hsa:2241,D00546,0
hsa:3416,D02168,0
hsa:109,D00528,0
hsa:1576,D00293,1
hsa:5531,D00107,1
hsa:5141,D00227,1
hsa:3815,D04023,1
hsa:1586,D00437,1
hsa:29920,D02671,0
hsa:4837,D01973,0
hsa:10846,D02731,1
hsa:7155,D00542,0
hsa:6240,D01907,1
hsa:657,D00781,0
hsa:2135,D01828,1
hsa:1581,D00225,1
hsa:5743,D02290,1
hsa:5138,D02017,1
hsa:5599,D01565,0
hsa:9945,D00622,0
hsa:5169,D00315,0
hsa:5537,D03752,0
hsa:5052,D00513,0
hsa:2822,D00785,0
hsa:5136,D01712,1
hsa:5743,D01475,0
hsa:2880,D00451,0
hsa:5151,D00217,0
hsa:199974,D00960,1
hsa:5650,D00654,0
hsa:8435,D02267,0
hsa:7006,D02110,0
hsa:11072,D00107,1
hsa:1543,D04292,0
hsa:51645,D00131,0
hsa:13,D01223,1
hsa:191,D00107,0
hsa:5149,D00330,0
hsa:1549,D02580,0
hsa:4916,D04023,1
hsa:91039,D00127,0
hsa:7153,D00455,0
hsa:64816,D00964,1
hsa:4921,D00512,0
hsa:5143,D00417,1
hsa:5151,D05353,0
hsa:2242,D00251,0
hsa:1589,D00542,1
hsa:113,D00574,0
hsa:5148,D01712,1
hsa:2147,D00560,1
hsa:7298,D03828,1
hsa:7364,D01276,1
hsa:7367,D00902,0
hsa:768,D00655,1
hsa:1593,D00225,1
hsa:6609,D00417,1
hsa:4311,D00387,0
hsa:4921,D01441,1
hsa:1543,D00528,1
hsa:683,D01977,0
hsa:5140,D02229,1
hsa:51727,D00217,0
hsa:5406,D04028,1
hsa:36,D01223,0
hsa:5141,D02008,1
hsa:7172,D00574,0
hsa:132,D01712,0
hsa:23436,D00401,0
hsa:10846,D00231,1
hsa:306,D00528,1
hsa:834,D03731,0
hsa:10858,D00528,1
hsa:1555,D00960,1
hsa:238,D04023,1
hsa:11266,D00107,1
hsa:5743,D01475,1
hsa:5596,D00125,0
hsa:2878,D00542,0
hsa:7155,D00186,1
hsa:7010,D01977,1
hsa:8654,D02008,1
hsa:3156,D01915,1
hsa:2806,D00902,0
hsa:51004,D00218,0
hsa:1583,D00380,1
hsa:1549,D00225,1
hsa:5740,D00528,1
hsa:10858,D00574,1
hsa:5144,D02229,1
hsa:56922,D01907,0
hsa:11330,D00125,0
hsa:3716,D00709,0
hsa:7156,D02290,0
hsa:5338,D00364,0
hsa:354,D00503,0
hsa:1562,D00380,1
hsa:2065,D00129,0
hsa:23632,D00538,1
hsa:54878,D00653,0
hsa:5142,D00371,1
hsa:3791,D01977,1
hsa:5470,D00107,1
hsa:2882,D01027,0
hsa:9388,D04028,1
hsa:5151,D00501,1
hsa:5742,D00130,1
hsa:771,D00218,1
hsa:1583,D00394,1
hsa:2582,D00530,0
hsa:26279,D00579,0
hsa:5152,D02017,1
hsa:1543,D03670,1
hsa:7153,D00158,0
hsa:5147,D02229,1
hsa:5500,D00487,0
hsa:93650,D02671,0
hsa:1577,D00528,1
hsa:4129,D02562,1
hsa:3156,D02267,0
hsa:4552,D01027,1
hsa:9088,D00749,0
hsa:1215,D00342,0
hsa:2045,D04023,1
hsa:7299,D00538,0
hsa:64087,D00505,0
hsa:1562,D00410,1
hsa:29941,D03365,0
hsa:132160,D00184,1
hsa:284541,D00574,1
hsa:1544,D00437,1
hsa:107,D00045,1
hsa:5137,D00094,0
hsa:5147,D02017,1
hsa:1576,D00542,1
hsa:7498,D00224,1
hsa:1582,D00546,0
hsa:240,D00231,0
hsa:84812,D00528,1
hsa:834,D00225,0
hsa:1582,D00542,1
hsa:7156,D00550,0
hsa:5743,D02350,1
hsa:64499,D00141,0
hsa:4915,D01441,1
hsa:763,D00652,1
hsa:5136,D00371,1
hsa:4482,D00252,0
hsa:6259,D01977,1
hsa:8555,D00653,0
hsa:132,D00423,1
hsa:5742,D01364,1
hsa:10858,D00533,0
hsa:55902,D00826,0
hsa:5747,D02115,0
hsa:5053,D02731,0
hsa:8854,D00813,0
hsa:2264,D03260,0
hsa:2261,D04023,1
hsa:4486,D00045,0
hsa:1548,D00528,1
hsa:5837,D01164,0
hsa:763,D00218,1
hsa:5740,D00622,0
hsa:5144,D00141,0
hsa:51645,D00960,0
hsa:2045,D01441,1
hsa:260293,D03670,1
hsa:5147,D00120,0
hsa:4311,D02173,0
hsa:29968,D00332,1
hsa:1584,D03670,1
hsa:23236,D00543,0
hsa:9601,D00416,0
hsa:1267,D01223,0
hsa:1544,D00380,1
hsa:125,D00670,0
hsa:5495,D00252,0
hsa:5332,D00528,1
hsa:4129,D00270,1
hsa:5481,D00107,1
hsa:7156,D01196,0
hsa:1571,D00771,1
hsa:5533,D00184,1
hsa:5408,D00045,0
hsa:3791,D00593,0
hsa:5406,D01223,1
hsa:6898,D00332,1
hsa:2232,D02229,0
hsa:2263,D01441,1
hsa:1576,D00380,1
hsa:23097,D02566,0
hsa:1733,D03670,1
hsa:9601,D00513,0
hsa:133121,D01977,0
hsa:2324,D00584,0
hsa:10924,D00519,0
hsa:4145,D01973,0
hsa:7155,D03899,1
hsa:5156,D00536,0
hsa:94,D00454,0
hsa:761,D01196,1
hsa:55512,D00417,1
hsa:5141,D00528,1
hsa:7301,D00593,0
hsa:1847,D00726,0
hsa:2356,D00963,0
hsa:5169,D00501,1
hsa:3717,D02289,0
hsa:5151,D02008,1
hsa:7015,D00330,0
hsa:1551,D00574,1
hsa:1728,D00513,0
hsa:7015,D02267,1
hsa:1559,D00964,1
hsa:11238,D00218,1
hsa:1846,D00454,0
hsa:23436,D00283,0
hsa:1580,D00437,1
hsa:6725,D00383,0
hsa:84171,D00224,0
hsa:1588,D00964,1
hsa:7453,D00394,0
hsa:5742,D02355,1
hsa:2548,D00625,1
hsa:3035,D01441,0
hsa:6898,D00547,0
hsa:7155,D00543,0
hsa:5523,D00184,1
hsa:23475,D02355,0
hsa:4881,D00515,1
hsa:4482,D00131,0
hsa:2051,D01977,1
hsa:1571,D00528,1
hsa:5742,D00158,1
hsa:3712,D03822,0
hsa:1551,D00225,1
hsa:1583,D03670,1
hsa:2263,D02709,0
hsa:84812,D00217,0
hsa:1548,D00543,0
hsa:5328,D02110,0
hsa:5144,D01712,1
hsa:1728,D00537,0
hsa:5742,D00568,1
hsa:23035,D00107,1
hsa:8654,D00227,1
hsa:1586,D00542,1
hsa:1571,D00543,1
hsa:53938,D00107,1
hsa:129807,D00902,1
hsa:23632,D00546,0
hsa:5145,D00528,1
hsa:50484,D03670,1
hsa:1595,D00380,1
hsa:5052,D00652,0
hsa:1583,D00512,0
hsa:3055,D00887,0
hsa:4051,D00380,1
hsa:2048,D01977,1
hsa:8622,D00231,1
hsa:2161,D00519,0
hsa:2066,D00293,0
hsa:339221,D00417,1
hsa:2328,D00120,1
hsa:2597,D00620,0
hsa:5337,D00501,1
hsa:5147,D00528,1
hsa:5407,D01223,1
hsa:377677,D00538,1
hsa:762,D00294,1
hsa:28972,D00224,0
hsa:5537,D00653,0
hsa:7084,D01907,0
hsa:5138,D00501,1
hsa:240,D02418,0
hsa:2065,D00126,0
hsa:760,D00218,1
hsa:5148,D00227,1
hsa:5979,D01441,1
hsa:1849,D00184,1
hsa:377677,D00655,1
hsa:218,D02562,0
hsa:7298,D05353,0
hsa:54490,D01276,1
hsa:1562,D00225,1
hsa:8622,D02017,1
hsa:6716,D00960,0
hsa:1545,D00410,1
hsa:93650,D00410,0
hsa:765,D01196,1
hsa:2822,D00503,0
hsa:284541,D00528,1
hsa:22954,D00513,1
hsa:5140,D02017,1
hsa:2324,D04023,1
hsa:1593,D00437,1
hsa:5499,D00216,0
hsa:3156,D00889,1
hsa:8288,D00786,0
hsa:8972,D00383,0
hsa:8558,D01370,0
hsa:84618,D03731,0
hsa:199974,D00394,1
hsa:7054,D01027,0
hsa:1033,D00623,0
hsa:242,D01332,1
hsa:1595,D02356,0
hsa:5742,D02350,1
hsa:1565,D00574,1
hsa:1588,D00437,1
hsa:771,D00655,1
hsa:1581,D03670,1
hsa:2242,D01441,1
hsa:7006,D01441,1
hsa:5743,D00568,1
hsa:4921,D04023,1
hsa:2050,D01441,1
hsa:4860,D01370,1
hsa:5331,D00501,1
hsa:5051,D00252,0
hsa:3001,D00364,0
hsa:1571,D00217,1
hsa:5501,D00107,1
hsa:3612,D02229,0
hsa:50940,D02229,1
hsa:5149,D03260,1
hsa:613,D00401,0
hsa:1565,D00225,1
hsa:9641,D01712,0
hsa:64816,D00410,1
hsa:51181,D00410,1
hsa:1544,D00574,1
hsa:1562,D00437,1
hsa:2242,D00325,0
hsa:4837,D00293,0
hsa:2264,D01977,1
hsa:10825,D00900,1
hsa:558,D00781,0
hsa:29785,D00394,1
hsa:3034,D00964,0
hsa:3290,D00410,1
hsa:8622,D02229,1
hsa:199974,D00528,1
hsa:8940,D01061,1
hsa:9641,D00448,1
hsa:1576,D05353,1
hsa:5045,D00132,0
hsa:635,D00418,0
hsa:23239,D04966,0
hsa:1848,D00417,0
hsa:2324,D00623,0
hsa:1200,D00127,0
hsa:767,D00340,1
hsa:1543,D00771,1
hsa:2260,D00652,0
hsa:1553,D00225,1
hsa:51166,D00574,0
hsa:199974,D00136,0
hsa:29785,D03670,1
hsa:1844,D02008,0
hsa:23632,D00652,1
hsa:10846,D00623,0
hsa:284541,D00542,1
hsa:128,D02110,0
hsa:3735,D00132,0
hsa:4143,D00136,0
hsa:5143,D00231,1
hsa:246,D00141,1
hsa:1548,D00225,1
hsa:10846,D00501,1
hsa:10269,D01712,0
hsa:472,D02017,0
hsa:1562,D00960,1
hsa:1562,D01122,0
hsa:695,D00425,0
hsa:2878,D00270,0
hsa:1588,D03670,1
hsa:5142,D00528,1
hsa:1581,D00410,1
hsa:55359,D00218,0
hsa:1852,D00184,1
hsa:1571,D00574,1
hsa:5606,D01264,0
hsa:5645,D00186,0
hsa:1847,D00184,1
hsa:3816,D00503,0
hsa:1558,D00528,1
hsa:760,D00652,1
hsa:5333,D00270,0
hsa:4191,D00904,0
hsa:51645,D00475,0
hsa:23239,D00184,1
hsa:5151,D00231,1
hsa:5167,D00417,1
hsa:1559,D00512,1
hsa:1544,D00410,1
hsa:4907,D00538,0
hsa:6609,D00142,0
hsa:2049,D01977,1
hsa:3290,D00545,0
hsa:43,D02068,1
hsa:5754,D03822,0
hsa:80339,D00315,0
hsa:1588,D00528,1
hsa:4233,D01441,1
hsa:5742,D00315,1
hsa:5495,D00107,1
hsa:1588,D00574,1
hsa:5146,D02068,0
hsa:30814,D01223,1
hsa:51,D00293,1
hsa:5516,D00184,1
hsa:7366,D00463,0
hsa:2822,D00528,1
hsa:5152,D02229,1
hsa:54577,D00963,0
hsa:5143,D00501,1
hsa:5328,D02558,0
hsa:23632,D00653,1
hsa:1559,D00726,0
hsa:2046,D01441,1
hsa:50484,D02566,1
hsa:1582,D00394,1
hsa:270,D01196,0
hsa:111,D00421,0
hsa:1576,D00410,1
hsa:1593,D00410,1
hsa:5294,D00893,0
hsa:3735,D01966,0
hsa:5140,D03260,1
hsa:760,D00537,1
hsa:2326,D00216,0
hsa:1576,D00964,1
hsa:3791,D00652,0
hsa:54600,D00623,0
hsa:5532,D00107,1
hsa:5330,D00528,1
hsa:4025,D03670,1
hsa:5122,D03899,0
hsa:587,D00332,1
hsa:1847,D00670,0
hsa:2041,D04966,0
hsa:64087,D00902,0
hsa:5138,D02008,1
hsa:4051,D00437,1
hsa:5501,D00184,1
hsa:1562,D00542,1
hsa:25824,D03670,1
hsa:7084,D00546,0
hsa:51207,D00813,0
hsa:11238,D01441,0
hsa:1582,D00574,1
hsa:79799,D00786,0
hsa:4916,D00094,0
hsa:5156,D00546,0
hsa:5740,D02110,0
hsa:3645,D04966,1
hsa:1557,D00542,1
hsa:84812,D00417,0
hsa:1734,D00094,0
hsa:5168,D00528,1
hsa:3817,D02375,0
hsa:1990,D00550,0
hsa:43,D00596,0
hsa:239,D00620,0
hsa:6646,D00283,0
hsa:5740,D00624,0
hsa:128853,D00965,0
hsa:1582,D00964,0
hsa:1576,D01973,1
hsa:4593,D02355,0
hsa:1018,D00584,0
hsa:326625,D00528,0
hsa:2065,D01441,1
hsa:10747,D01196,0
hsa:84171,D00670,0
hsa:113,D00421,0
hsa:2098,D01223,1
hsa:5740,D00574,1
hsa:762,D00652,1
hsa:2147,D00324,0
hsa:1544,D05407,0
hsa:780,D04023,1
hsa:2044,D01977,1
hsa:6098,D01977,1
hsa:54878,D00624,0
hsa:1584,D00380,1
hsa:7155,D02166,1
hsa:4145,D01441,1
hsa:1850,D02115,0
hsa:1562,D03670,1
hsa:4907,D00501,1
hsa:353,D00785,0
hsa:1848,D00654,0
hsa:590,D03822,1
hsa:240,D00448,1
hsa:50,D01747,0
hsa:2806,D00332,1
hsa:2950,D00530,0
hsa:5149,D00231,1
hsa:5150,D00620,0
hsa:27032,D02355,0
hsa:5836,D00900,0
hsa:3291,D00623,0
hsa:759,D00653,1
hsa:7083,D00394,0
hsa:51302,D00574,1
hsa:5140,D01712,1
hsa:2047,D00459,0
hsa:3033,D00892,0
hsa:43,D02418,1
hsa:25796,D00494,0
hsa:4200,D01122,0
hsa:2595,D00625,1
hsa:94009,D00749,0
hsa:10279,D00129,0
hsa:1584,D00225,1
hsa:1589,D00394,1
hsa:326625,D02566,0
hsa:5604,D00475,0
hsa:58190,D00515,0
hsa:2322,D00550,0
hsa:7298,D02368,0
hsa:242,D00132,1
hsa:1594,D00410,1
hsa:51365,D00387,0
hsa:1969,D04023,1
hsa:38,D00448,1
hsa:2241,D00903,0
hsa:22954,D00126,0
hsa:64816,D00437,1
hsa:1890,D01223,1
hsa:4921,D00423,0
hsa:5143,D03260,1
hsa:38,D04028,0
hsa:5407,D00538,0
hsa:1581,D00380,1
hsa:5169,D00196,0
hsa:5754,D01977,1
hsa:1582,D00437,1
hsa:7535,D00224,0
hsa:5151,D02731,1
hsa:9955,D00519,0
hsa:2746,D00270,0
hsa:5340,D00315,0
hsa:4860,D03899,0
hsa:2058,D00726,0
hsa:5547,D00893,0
hsa:5531,D00359,0
hsa:1803,D00118,0
hsa:4594,D03260,0
hsa:2050,D01977,1
hsa:23632,D00218,1
hsa:10549,D00421,0
hsa:29941,D00652,0
hsa:3815,D01977,1
hsa:30,D00968,0
hsa:1555,D00394,1
hsa:1576,D00410,0
hsa:4835,D00270,0
hsa:4048,D00142,0
hsa:834,D00340,0
hsa:28,D02017,0
hsa:7083,D00568,0
hsa:1844,D00136,0
hsa:1544,D00315,0
hsa:64802,D00437,0
hsa:5142,D00231,1
hsa:3612,D00501,1
hsa:5149,D02731,1
hsa:5136,D02418,0
hsa:1725,D00505,0
hsa:658,D00315,0
hsa:5336,D00519,0
hsa:3156,D00887,1
hsa:43,D02558,1
hsa:1557,D00380,1
hsa:10941,D00455,0
hsa:7371,D00141,0
hsa:10825,D00902,1
hsa:23632,D00903,0
hsa:2147,D00322,0
hsa:613,D00584,0
hsa:55775,D00501,1
hsa:5740,D00225,1
hsa:2822,D00505,0
hsa:51302,D00528,1
hsa:2356,D00186,0
hsa:2673,D00332,1
hsa:1019,D00332,0
hsa:5137,D00501,1
hsa:513,D00546,1
hsa:7378,D04292,0
hsa:834,D00623,0
hsa:5743,D00118,1
hsa:2180,D00503,0
hsa:27034,D01475,0
hsa:5052,D02110,0
hsa:5536,D00184,1
hsa:7297,D00118,0
hsa:100,D00155,1
hsa:7084,D00584,1
hsa:5151,D00227,1
hsa:54577,D00882,0
hsa:476,D00892,0
hsa:260293,D00410,1
hsa:4017,D00813,0
hsa:55,D00416,0
hsa:5335,D00536,0
hsa:1056,D01223,1
hsa:5754,D06238,0
hsa:5144,D00417,1
hsa:5743,D00904,1
hsa:27032,D00380,0
hsa:5151,D00528,1
hsa:8836,D00142,0
hsa:2185,D01747,0
hsa:763,D01475,0
hsa:51,D01001,0
hsa:196883,D00749,0
hsa:130399,D01747,0
hsa:766,D00218,1
hsa:5145,D00371,0
hsa:5126,D00231,0
hsa:51166,D00418,0
hsa:1557,D00283,1
hsa:64087,D01001,0
hsa:9023,D00410,1
hsa:2160,D02350,0
hsa:8940,D01966,0
hsa:5478,D00533,0
hsa:7298,D01223,1
hsa:246,D00132,1
hsa:8399,D01223,1
hsa:5050,D01223,1
hsa:1544,D00563,1
hsa:760,D00538,1
hsa:217,D00131,1
hsa:63036,D05407,0
hsa:7155,D01332,0
hsa:1734,D00387,0
hsa:1548,D00126,0
hsa:29941,D00141,0
hsa:3717,D01441,1
hsa:285220,D01977,1
hsa:38,D00342,0
hsa:5740,D01027,0
hsa:4353,D00217,1
hsa:1586,D00380,1
hsa:7535,D00252,0
hsa:5333,D00417,1
hsa:5645,D00463,0
hsa:2065,D00900,0
hsa:1571,D00394,1
hsa:29785,D00568,0
hsa:5138,D00371,1
hsa:763,D00655,1
hsa:5321,D03365,0
hsa:1580,D00964,1
hsa:5137,D02229,1
hsa:51,D00330,0
hsa:54,D00451,0
hsa:4915,D01747,0
hsa:1845,D00184,1
hsa:5148,D00118,0
hsa:2260,D04023,1
hsa:5330,D00501,1
hsa:7156,D02168,1
hsa:2879,D00625,0
hsa:2260,D01977,1
hsa:590,D01223,1
hsa:1719,D01196,0
hsa:64816,D03670,1
hsa:5747,D03822,0
hsa:3991,D01223,1
hsa:5740,D01061,0
hsa:1562,D00574,1
hsa:225689,D01264,0
hsa:1544,D00542,1
hsa:1581,D00574,1
hsa:2050,D04023,1
hsa:1846,D00107,1
hsa:1559,D00416,1
hsa:2548,D00216,1
hsa:1573,D00494,0
hsa:771,D01973,0
hsa:5742,D00141,1
hsa:219,D00131,1
hsa:3716,D00726,0
hsa:3716,D00964,0
hsa:1573,D00410,1
hsa:759,D00538,1
hsa:3290,D00127,0
hsa:2161,D00118,0
hsa:5322,D00568,0
hsa:1585,D00394,1
hsa:2064,D04023,1
hsa:5501,D00904,0
hsa:1849,D00155,0
hsa:9388,D01223,1
hsa:834,D02355,0
hsa:9647,D00184,1
hsa:132160,D00107,1
hsa:6646,D00293,0
hsa:2950,D00568,0
hsa:2043,D01977,1
hsa:54577,D00155,0
hsa:43,D00968,0
hsa:2582,D00380,0
hsa:11238,D01196,1
hsa:11343,D00549,0
hsa:30833,D00501,1
hsa:9601,D00904,0
hsa:10846,D02229,1
hsa:1585,D00380,1
hsa:35,D02562,0
hsa:767,D00655,1
hsa:1586,D00528,1
hsa:8556,D00184,1
hsa:224,D00537,0
hsa:658,D01441,1
hsa:240,D01828,0
hsa:5447,D00513,0
hsa:1562,D00315,0
hsa:1504,D00813,0
hsa:5150,D00227,1
hsa:10549,D00342,0
hsa:247,D00141,1
hsa:5149,D00227,1
hsa:64600,D01264,0
hsa:55775,D00417,1
hsa:5143,D00227,1
hsa:5335,D00417,1
hsa:51302,D00225,1
hsa:1728,D02418,0
hsa:1593,D00328,0
hsa:5743,D00903,1
hsa:1846,D00094,0
hsa:2047,D00401,0
hsa:64600,D01027,0
hsa:29941,D00893,0
hsa:1565,D00410,1
hsa:279,D00333,0
hsa:1719,D02115,1
hsa:1549,D00542,1
hsa:8622,D00528,1
hsa:763,D00538,1
hsa:1553,D00964,1
hsa:5743,D01565,1
hsa:240,D00118,1
hsa:5743,D02110,1
hsa:56922,D01747,0
hsa:4915,D01977,1
hsa:6241,D01276,0
hsa:3480,D00132,0
hsa:1636,D00503,0
hsa:759,D02356,1
hsa:5137,D00528,1
hsa:1577,D01332,0
hsa:25796,D00545,0
hsa:1956,D04023,1
hsa:43,D01223,1
hsa:25,D00120,0
hsa:3551,D00120,1
hsa:761,D00340,1
hsa:30814,D04028,0
hsa:5562,D00322,0
hsa:9023,D00542,1
hsa:1551,D04028,0
hsa:11072,D00251,0
hsa:3945,D00625,0
hsa:10901,D00340,0
hsa:3791,D04023,1
hsa:1551,D00528,1
hsa:8513,D00579,0
hsa:1576,D00364,1
hsa:4486,D01441,1
hsa:5496,D00622,0
hsa:3718,D01441,1
hsa:5608,D00653,0
hsa:5596,D02173,0
hsa:7301,D01977,1
hsa:5294,D03670,1
hsa:1559,D00322,1
hsa:5140,D00487,0
hsa:3643,D00125,0
hsa:23035,D00889,0
hsa:1543,D01001,0
hsa:9420,D00652,0
hsa:5148,D00145,0
hsa:29785,D00225,1
hsa:2098,D01441,0
hsa:7957,D00624,0
hsa:27032,D00547,1
hsa:5151,D02229,1
hsa:51181,D00294,0
hsa:4129,D05458,1
hsa:108,D00418,0
hsa:5331,D00417,1
hsa:5408,D01223,1
hsa:3034,D00887,0
hsa:5144,D00501,1
hsa:472,D00528,1
hsa:9420,D00528,1
hsa:224,D00131,1
hsa:3028,D00904,0
hsa:5547,D01966,0
hsa:2064,D00537,0
hsa:1956,D01977,1
hsa:5156,D04023,1
hsa:10858,D00380,1
hsa:771,D00186,0
hsa:5608,D00903,0
hsa:239,D00126,1
hsa:25,D00401,0
hsa:760,D00340,1
hsa:1557,D00322,1
hsa:5333,D00501,1
hsa:9023,D00298,0
hsa:5423,D00416,0
hsa:2766,D02709,0
hsa:5049,D03828,0
hsa:6259,D04023,1
hsa:246,D00118,1
hsa:2159,D00270,0
hsa:5604,D00533,0
hsa:90,D02017,0
hsa:4129,D03731,1
hsa:1571,D00380,1
hsa:5743,D00120,1
hsa:7054,D00574,0
hsa:1551,D00964,1
hsa:5603,D01977,0
hsa:10941,D02110,0
hsa:1572,D00960,1
hsa:2041,D01276,0
hsa:5475,D00487,0
hsa:1559,D00225,1
hsa:1586,D00574,1
hsa:11202,D01196,0
hsa:63904,D02375,0
hsa:761,D00538,1
hsa:5159,D01977,1
hsa:5147,D00371,1
hsa:2534,D01441,1
hsa:54677,D00410,0
hsa:7298,D02368,1
hsa:1723,D01122,0
hsa:9023,D00394,1
hsa:64499,D00380,0
hsa:28,D01977,0
hsa:1559,D00528,1
hsa:2047,D04023,1
hsa:1586,D00394,1
hsa:6240,D02368,1
hsa:765,D00340,1
hsa:1581,D00528,1
hsa:10941,D00781,0
hsa:4593,D01441,1
hsa:4593,D01977,1
hsa:1593,D01164,0
hsa:2242,D00410,0
hsa:1559,D00882,1
hsa:1557,D00394,1
hsa:1555,D03670,1
hsa:240,D00126,1
hsa:284541,D00437,1
hsa:50484,D01276,0
hsa:1843,D00107,1
hsa:5500,D00454,0
hsa:53,D01367,0
hsa:5137,D01712,1
hsa:63904,D02731,0
hsa:91039,D00494,0
hsa:84171,D00270,1
hsa:2260,D00545,0
hsa:5597,D00786,0
hsa:151531,D01364,0
hsa:5743,D00126,1
hsa:759,D00652,1
hsa:5447,D00455,0
hsa:2328,D02168,0
hsa:7525,D00186,0
hsa:4548,D00225,0
hsa:5320,D01223,1
hsa:10327,D00726,0
hsa:240,D00141,1
hsa:1267,D00528,1
hsa:1545,D00225,1
hsa:1849,D00107,1
hsa:5597,D00371,0
hsa:85313,D00298,0
hsa:4233,D01977,1
hsa:5151,D01712,1
hsa:1584,D00542,1
hsa:1579,D00437,1
hsa:9647,D00107,1
hsa:353,D02290,0
hsa:5607,D01441,1
hsa:8622,D00501,1
hsa:8558,D00515,0
hsa:1585,D03670,1
hsa:51095,D00528,1
hsa:7173,D00225,0
hsa:3002,D00964,0
hsa:1504,D00342,0
hsa:26279,D01223,1
hsa:1562,D00394,1
hsa:8192,D00227,0
hsa:29785,D00410,1
hsa:3283,D00421,0
hsa:4953,D01712,0
hsa:1559,D00574,1
hsa:4051,D00574,1
hsa:1559,D01977,0
hsa:10295,D00118,0
hsa:7153,D00125,1
hsa:3290,D00141,0
hsa:1555,D00437,1
hsa:4233,D04023,1
hsa:1576,D00528,1
hsa:306,D00501,1
hsa:2882,D00136,0
hsa:51251,D00141,0
hsa:116447,D02580,0
hsa:94,D01441,1
hsa:5148,D00501,1
hsa:7150,D00785,0
hsa:4953,D02008,0
hsa:57176,D00107,0
hsa:766,D00653,1
hsa:5836,D01196,0
hsa:6241,D02017,0
hsa:8654,D00501,1
hsa:1645,D00136,1
hsa:1610,D01001,0
hsa:5140,D00371,1
hsa:7535,D00380,0
hsa:1557,D00882,1
hsa:7365,D00463,0
hsa:9420,D02558,0
hsa:247,D05353,0
hsa:3034,D02558,0
hsa:1636,D00225,0
hsa:1645,D02168,0
hsa:1573,D02115,0
hsa:7153,D02698,1
hsa:1582,D00550,0
hsa:4067,D01441,1
hsa:4593,D00505,0
hsa:306,D00417,1
hsa:6416,D00781,0
hsa:13,D02356,1
hsa:586,D03899,0
hsa:1576,D00550,1
hsa:5742,D00567,1
hsa:5332,D00417,1
hsa:84812,D03822,0
hsa:247,D01332,1
hsa:1595,D00528,1
hsa:64600,D00542,0
hsa:5149,D00417,1
hsa:1565,D00417,0
hsa:4329,D00448,0
hsa:7525,D01441,1
hsa:1544,D00528,1
hsa:247,D00118,1
hsa:1571,D00960,1
hsa:5150,D01712,1
hsa:5351,D01565,0
hsa:7155,D02698,1
hsa:27115,D02017,1
hsa:2822,D00417,1
hsa:3717,D00567,0
hsa:54490,D00423,0
hsa:4837,D00512,0
hsa:100,D00965,0
hsa:10667,D00129,0
hsa:1584,D00882,0
hsa:1580,D00528,1
hsa:114,D00136,0
hsa:1576,D02356,1
hsa:5972,D00196,0
hsa:2326,D00401,1
hsa:199974,D00380,1
hsa:4051,D00410,1
hsa:5494,D00045,0
hsa:1845,D00501,0
hsa:2264,D01441,1
hsa:128853,D00882,0
hsa:3033,D00726,0
hsa:1545,D00542,1
hsa:64816,D00528,1
hsa:1033,D00184,1
hsa:114,D00418,0
hsa:5550,D04023,0
hsa:5494,D00107,1
hsa:4837,D00325,0
hsa:771,D00965,0
hsa:132,D00340,0
hsa:1565,D03670,1
hsa:1585,D00528,1
hsa:1025,D02368,0
hsa:7294,D02709,0
hsa:5478,D00107,1
hsa:240,D01332,1
hsa:9150,D02068,0
hsa:2051,D04023,1
hsa:1576,D00437,1
hsa:5143,D01712,1
hsa:30833,D02068,0
hsa:3156,D00530,0
hsa:5646,D00515,0
hsa:1551,D03670,1
hsa:51,D00530,1
hsa:3991,D01966,0
hsa:80824,D00317,0
hsa:5837,D00903,0
hsa:5834,D00387,0
hsa:766,D00655,1
hsa:5142,D03260,1
hsa:313,D00900,0
hsa:5095,D01367,0
hsa:5168,D00501,1
hsa:25,D00394,0
hsa:1549,D03365,1
hsa:762,D00538,1
hsa:5608,D01441,1
hsa:5151,D03260,1
hsa:3480,D01977,1
hsa:1579,D00574,1
hsa:150290,D00184,1
hsa:10747,D02166,0
hsa:5337,D00126,0
hsa:116447,D00155,0
hsa:8529,D00410,1
hsa:5516,D00107,1
hsa:771,D00227,0
hsa:199974,D00332,0
hsa:759,D00218,1
hsa:9945,D00332,1
hsa:2147,D00196,0
hsa:5321,D02289,1
hsa:51181,D01475,0
hsa:1580,D00380,1
hsa:2161,D00560,0
hsa:84706,D00332,1
hsa:2041,D01441,1
hsa:2324,D00270,0
hsa:613,D01441,1
hsa:5533,D00107,1
hsa:5321,D01977,0
hsa:7378,D00622,0
hsa:1850,D00547,0
hsa:3416,D01370,0
hsa:54575,D01276,1
hsa:1621,D00963,0
hsa:2746,D01565,0
hsa:1021,D02289,0
hsa:18,D01276,0
hsa:2534,D00538,0
hsa:23632,D00340,1
hsa:1559,D00410,1
hsa:8192,D00537,0
hsa:27115,D00528,1
hsa:5167,D00620,0
hsa:7153,D00186,1
hsa:1585,D00574,1
hsa:54878,D02709,0
hsa:29941,D01441,1
hsa:4759,D00902,1
hsa:54600,D01276,1
hsa:1017,D00120,0
hsa:279,D00216,1
hsa:38,D01027,0
hsa:7365,D01276,1
hsa:5604,D00120,0
hsa:2806,D00324,0
hsa:7364,D00903,0
hsa:4942,D00332,1
hsa:100,D00535,0
hsa:7363,D02115,0
hsa:94,D00550,0
hsa:5136,D03260,1
hsa:2043,D01441,1
hsa:28,D00885,1
hsa:10858,D03670,1
hsa:5602,D00903,0
hsa:1594,D00547,0
hsa:3939,D00968,0
hsa:10295,D02731,0
hsa:5053,D00567,0
hsa:1021,D00418,0
hsa:2746,D01973,0
hsa:1543,D00542,1
hsa:765,D00904,0
hsa:7046,D00965,0
hsa:1588,D00410,1
hsa:4942,D00231,0
hsa:25796,D00459,0
hsa:760,D00653,1
hsa:64850,D00781,0
hsa:1572,D00528,1
hsa:1723,D00749,1
hsa:285220,D03752,0
hsa:224,D00298,0
hsa:5624,D00454,0
hsa:5122,D00270,0
hsa:377677,D00653,1
hsa:2051,D01441,1
hsa:8972,D00625,1
hsa:1595,D00542,1
hsa:8654,D02229,1
hsa:64816,D00574,1
hsa:5743,D02355,1
hsa:35,D00227,0
hsa:5149,D00528,1
hsa:4058,D01977,1
hsa:2048,D03365,0
hsa:5167,D00528,1
hsa:1572,D00964,1
hsa:4916,D01441,1
hsa:84532,D05353,0
hsa:239,D00118,1
hsa:10549,D00968,0
hsa:1267,D00417,1
hsa:5407,D04028,1
hsa:8836,D00127,0
hsa:2180,D01828,0
hsa:7153,D02368,0
hsa:5322,D01223,1
hsa:761,D00652,1
hsa:476,D05353,1
hsa:5530,D00184,1
hsa:5742,D00120,1
hsa:5140,D00231,1
hsa:767,D00519,1
hsa:10720,D00322,0
hsa:5091,D00094,0
hsa:142679,D00107,1
hsa:766,D00340,1
hsa:1559,D00567,1
hsa:5743,D00567,1
hsa:5602,D02110,0
hsa:129807,D00900,1
hsa:133121,D00501,1
hsa:22954,D00726,1
hsa:9647,D00584,0
hsa:1429,D02289,0
hsa:25,D03670,0
hsa:767,D06238,0
hsa:260293,D00574,1
hsa:22978,D00423,1
hsa:43,D03822,1
hsa:2159,D01223,0
hsa:10846,D02017,1
hsa:766,D00501,0
hsa:3055,D01441,1
hsa:6725,D01441,1
hsa:1548,D00579,0
hsa:54579,D01276,1
hsa:81579,D01223,1
hsa:5136,D00501,1
hsa:84171,D01122,0
hsa:1178,D01223,1
hsa:1594,D00129,1
hsa:760,D01196,1
hsa:4058,D04023,1
hsa:4051,D03670,1
hsa:1557,D03670,1
hsa:2638,D01915,0
hsa:8558,D00325,0
hsa:5333,D00528,1
hsa:2160,D00786,0
hsa:354,D00227,0
hsa:3067,D01164,0
hsa:51365,D01223,1
hsa:4942,D00475,1
hsa:54657,D02731,0
hsa:5138,D04292,0
hsa:5152,D00231,1
hsa:23236,D00501,1
hsa:4594,D00623,0
hsa:6652,D00964,0
hsa:766,D00538,1
hsa:64850,D00448,0
hsa:695,D01441,1
hsa:18,D00535,1
hsa:55775,D00528,0
hsa:8972,D00903,0
hsa:3290,D01061,0
hsa:1033,D00503,0
hsa:27115,D00417,1
hsa:683,D00960,0
hsa:5147,D02731,1
hsa:1852,D01828,0
hsa:1215,D02368,0
hsa:94009,D01475,0
hsa:1991,D01370,0
hsa:132160,D00333,0
hsa:4051,D00542,1
hsa:5494,D00184,1
hsa:1436,D01977,1
hsa:22978,D00501,1
hsa:5142,D00227,1
hsa:1572,D00574,1
hsa:660,D00125,0
hsa:3945,D02290,0
hsa:1565,D00394,1
hsa:1565,D00563,1
hsa:2879,D00251,0
hsa:349565,D00094,0
hsa:6897,D00519,0
hsa:9088,D00380,0
hsa:3643,D01164,0
hsa:5742,D00455,0
hsa:5651,D02562,0
hsa:7299,D00960,0
hsa:5531,D00184,1
hsa:5651,D00145,0
hsa:84152,D03260,0
hsa:4920,D01441,1
hsa:64816,D00960,1
hsa:683,D00423,0
hsa:9023,D00574,1
hsa:1544,D00437,0
hsa:23035,D00364,0
hsa:1557,D02566,0
hsa:51095,D00501,1
hsa:1576,D00563,1
hsa:51302,D00624,0
hsa:1557,D00533,1
hsa:1573,D00380,1
hsa:57665,D00416,0
hsa:7046,D00324,0
hsa:260293,D00383,0
hsa:1147,D00459,0
hsa:79799,D01276,1
hsa:2595,D00893,0
hsa:1548,D03670,1
hsa:1849,D02558,0
hsa:5148,D02731,1
hsa:5600,D04023,0
hsa:6646,D01966,1
hsa:55,D00107,0
hsa:64902,D00512,0
hsa:4051,D00463,0
hsa:1445,D01223,0
hsa:1844,D00184,1
hsa:9023,D00387,0
hsa:10858,D00394,1
hsa:260293,D00380,1
hsa:5159,D00902,0
hsa:5606,D01441,1
hsa:7174,D00528,0
hsa:1021,D05407,0
hsa:6300,D01164,0
hsa:5137,D02017,1
hsa:5606,D00283,0
hsa:1565,D00454,1
hsa:1429,D00328,0
hsa:6713,D02375,1
hsa:5979,D01977,1
hsa:25,D00127,0
hsa:54878,D00887,0
hsa:2158,D02342,0
hsa:2045,D00333,0
hsa:1565,D00217,1
hsa:5351,D00535,0
hsa:1586,D00410,1
hsa:4048,D00132,1
hsa:2677,D04966,0
hsa:1583,D00437,1
hsa:5146,D00709,0
hsa:1573,D00960,1
hsa:760,D00505,0
hsa:1562,D00964,0
hsa:759,D00654,1
hsa:5144,D00528,1
hsa:5136,D00417,1
hsa:1573,D03670,1
hsa:51645,D00965,0
hsa:3702,D01973,0
hsa:6713,D00328,0
hsa:5052,D03670,1
hsa:54490,D01966,0
hsa:5152,D00528,1
hsa:2260,D01441,1
hsa:5499,D00184,1
hsa:1565,D00960,1
hsa:23236,D00528,1
hsa:10924,D00528,1
hsa:5140,D00227,1
hsa:4145,D03731,0
hsa:4129,D00394,0
hsa:2224,D04023,0
hsa:90,D01441,1
hsa:5597,D02368,0
hsa:2041,D00136,0
hsa:1549,D00771,1
hsa:1594,D00394,1
hsa:501,D01907,0
hsa:1559,D00394,1
hsa:9088,D01441,1
hsa:23035,D00184,1
hsa:765,D00333,0
hsa:4907,D03752,0
hsa:7173,D03822,0
hsa:1544,D00964,1
hsa:7301,D01367,0
hsa:246,D00538,0
hsa:8622,D02008,1
hsa:9023,D00528,1
hsa:224,D01973,0
hsa:8622,D00417,1
hsa:1733,D00401,1
hsa:339221,D00125,0
hsa:5150,D01164,0
hsa:4552,D04023,0
hsa:22954,D02698,0
hsa:613,D00749,0
hsa:218,D00383,0
hsa:7010,D04023,1
hsa:5532,D00324,0
hsa:5158,D00417,1
hsa:5743,D00130,1
hsa:5422,D01977,0
hsa:326625,D00625,0
hsa:759,D00655,1
hsa:5743,D00330,1
hsa:1594,D00574,1
hsa:8529,D00298,0
hsa:1360,D02017,0
hsa:5743,D00425,1
hsa:1580,D03670,1
hsa:1021,D00771,0
hsa:2043,D04023,1
hsa:3702,D01441,1
hsa:1537,D02671,0
hsa:2261,D01441,1
hsa:5319,D00501,0
hsa:1589,D00225,1
hsa:1436,D00332,0
hsa:5338,D00501,1
hsa:5604,D00579,0
hsa:10935,D00217,1
hsa:8854,D00094,1
hsa:1549,D00380,1
hsa:1548,D00380,1
hsa:5837,D00217,0
hsa:5146,D00501,1
hsa:9420,D00394,1
hsa:199974,D01122,0
hsa:1021,D00904,0
hsa:683,D00563,0
hsa:85313,D00107,1
hsa:34,D05458,0
hsa:1852,D00107,1
hsa:5143,D02008,1
hsa:1843,D00513,0
hsa:1553,D00437,1
hsa:6098,D04023,1
hsa:10858,D00410,1
hsa:55,D00882,0
hsa:5605,D01441,1
hsa:1021,D00620,0
hsa:54578,D00596,0
hsa:2066,D04023,1
hsa:9420,D00455,0
hsa:91,D01441,1
hsa:4594,D00963,0
hsa:51095,D00417,1
hsa:3791,D04028,0
hsa:4048,D00118,1
hsa:125,D00380,0
hsa:10846,D00227,1
hsa:5328,D00709,0
hsa:4058,D01441,1
hsa:5754,D02562,0
hsa:6716,D00893,0
hsa:113,D01061,0
hsa:9955,D00125,0
hsa:80824,D00749,0
hsa:1374,D00494,0
hsa:5142,D00536,0
hsa:4311,D00620,0
hsa:3376,D00342,0
hsa:5148,D00528,1
hsa:760,D00654,1
hsa:8556,D01061,0
hsa:1445,D00324,0
hsa:4920,D04023,1
hsa:43,D04292,1
hsa:5335,D00528,1
hsa:1504,D01475,0
hsa:5742,D00127,1
hsa:4128,D03731,1
hsa:5444,D00417,0
hsa:1573,D00225,1
hsa:9647,D01223,0
hsa:1847,D00963,0
hsa:9420,D00332,0
hsa:5156,D01441,1
hsa:1636,D00620,1
hsa:1645,D00107,0
hsa:4552,D00771,0
hsa:5496,D00785,0
hsa:79799,D00889,0
hsa:2180,D00501,0
hsa:3291,D00410,1
hsa:7298,D00584,1
hsa:1595,D00216,0
hsa:54575,D01966,0
hsa:9150,D00560,0
hsa:3480,D00217,0
hsa:132,D00437,0
hsa:587,D02229,0
hsa:9150,D00107,1
hsa:1267,D00547,0
hsa:11238,D00655,1
hsa:1734,D00231,0
hsa:1593,D00394,1
hsa:2041,D00141,0
hsa:4914,D01977,1
hsa:51601,D00964,0
hsa:124,D02173,0
hsa:7075,D04023,1
hsa:3035,D00652,0
hsa:2047,D01977,1
hsa:8654,D00371,1
hsa:80339,D04028,1
hsa:4486,D01122,0
hsa:2135,D00421,0
hsa:1582,D03670,1
hsa:27115,D02008,1
hsa:90,D03670,0
hsa:7367,D01276,1
hsa:2877,D02368,0
hsa:5095,D00771,0
hsa:5137,D02008,1
hsa:2159,D00903,0
hsa:7075,D01441,1
hsa:5601,D00383,0
hsa:23239,D00889,0
hsa:9023,D00380,1
hsa:4920,D00596,0
hsa:1553,D00960,1
hsa:5051,D01973,0
hsa:5156,D01977,1
hsa:11238,D00519,1
hsa:11343,D01223,1
hsa:5049,D00902,0
hsa:2766,D01977,0
hsa:10901,D00417,0
hsa:5136,D00528,1
hsa:23097,D02375,0
hsa:50,D01441,0
hsa:5423,D01907,0
hsa:90,D00359,0
hsa:8654,D00417,1
hsa:3932,D02173,0
hsa:1719,D00145,1
hsa:2158,D00813,0
hsa:377677,D00455,0
hsa:130399,D00184,0
hsa:216,D00487,0
hsa:7367,D00494,0
hsa:2041,D04023,1
hsa:260293,D00652,0
hsa:4914,D00332,0
hsa:57176,D00501,0
hsa:759,D00709,1
hsa:1543,D00380,1
hsa:5140,D02008,1
hsa:5143,D02731,1
hsa:1848,D00184,1
hsa:1551,D00960,1
hsa:5537,D00184,1
hsa:3645,D00463,0
hsa:5327,D00298,0
hsa:55359,D01441,1
hsa:5136,D00593,0
hsa:9420,D00225,1
hsa:1852,D05407,0
hsa:1565,D00528,1
hsa:7010,D01441,1
hsa:1558,D00225,1
hsa:1215,D01915,0
hsa:2746,D02229,0
hsa:7365,D00560,0
hsa:246,D00094,0
hsa:771,D00653,1
hsa:5533,D01122,0
hsa:5742,D02110,1
hsa:5500,D04028,0
hsa:762,D00513,0
hsa:5740,D00394,1
hsa:5150,D00475,0
hsa:284541,D00371,0
hsa:1594,D00596,0
hsa:5148,D02008,1
hsa:51,D00332,1
hsa:11072,D00546,0
hsa:1557,D00293,1
hsa:7155,D00125,1
hsa:28227,D00107,1
hsa:1557,D00410,1
hsa:11343,D02267,0
hsa:9563,D00322,0
hsa:1548,D00437,1
hsa:5340,D00417,0
hsa:658,D03899,0
hsa:1543,D00574,1
hsa:216,D00131,1
hsa:1577,D00542,1
hsa:476,D00538,0
hsa:55512,D00494,0
hsa:1549,D00410,1
hsa:4942,D00283,0
hsa:1267,D00670,0
hsa:4482,D00826,0
hsa:5860,D01367,0
hsa:7006,D00903,0
hsa:771,D00652,1
hsa:768,D00340,1
hsa:4594,D00317,0
hsa:762,D00654,1
hsa:8654,D01712,1
hsa:766,D01332,0
hsa:1593,D00528,1
hsa:1636,D00251,1
hsa:590,D00196,1
hsa:27115,D01712,1
hsa:55359,D02731,0
hsa:27115,D02229,1
hsa:1675,D01907,0
hsa:131,D03260,0
hsa:2051,D00454,0
hsa:7378,D00584,1
hsa:3702,D02267,0
hsa:4023,D00371,0
hsa:51166,D00332,1
hsa:4758,D00902,1
hsa:130399,D00543,0
hsa:11072,D00184,1
hsa:5144,D00371,1
hsa:11221,D00184,1
hsa:84695,D00270,1
hsa:5333,D00533,0
hsa:2147,D00270,1
hsa:761,D00519,1
hsa:1019,D00579,0
hsa:27115,D00231,1
hsa:58190,D00184,1
hsa:1588,D00448,0
hsa:134510,D00107,1
hsa:8529,D00542,1
hsa:5152,D02731,1
hsa:7363,D01276,1
hsa:5050,D00184,0
hsa:1572,D00225,1
hsa:29968,D02173,0
hsa:2155,D02566,0
hsa:5158,D00528,1
hsa:7155,D01264,1
hsa:10295,D00224,0
hsa:1565,D00542,1
hsa:133121,D00342,0
hsa:84618,D03670,0
hsa:2326,D02008,0
hsa:5743,D00463,1
hsa:1553,D00410,1
hsa:49,D00158,0
hsa:2042,D04023,1
hsa:2064,D00574,0
hsa:126,D02418,0
hsa:242,D00141,1
hsa:5328,D00549,0
hsa:242,D00448,1
hsa:1576,D00960,1
hsa:1735,D03670,1
hsa:339221,D00528,1
hsa:1573,D00574,1
hsa:2328,D00401,1
hsa:64600,D01223,1
hsa:4048,D00568,0
hsa:1551,D00380,1
hsa:10935,D00726,0
hsa:5137,D03260,1
hsa:6725,D00826,0
hsa:1545,D03670,1
hsa:2950,D04023,0
hsa:5444,D02115,0
hsa:10846,D00252,0
hsa:2147,D05407,0
hsa:5169,D00417,1
hsa:7498,D00543,0
hsa:5150,D00371,1
hsa:1544,D00960,0
hsa:51166,D00546,0
hsa:35,D00196,0
hsa:780,D00771,0
hsa:7363,D00294,0
hsa:983,D00535,0
hsa:4482,D01712,0
hsa:8513,D01223,1
hsa:223,D00131,1
hsa:5319,D01828,0
hsa:1557,D00528,1
hsa:5141,D02229,1
hsa:32,D00579,0
hsa:2328,D03365,1
hsa:1636,D00421,1
hsa:10720,D01276,1
hsa:1571,D00964,1
hsa:3292,D00826,0
hsa:51302,D00437,1
hsa:10901,D00885,0
hsa:3612,D00130,0
hsa:3716,D00387,0
hsa:670,D01223,1
hsa:11221,D00217,0
hsa:7371,D00535,0
hsa:5445,D00963,0
hsa:50940,D00227,1
hsa:2241,D00251,0
hsa:8555,D00107,1
hsa:2321,D01977,1
hsa:1557,D00512,1
hsa:2066,D01441,1
hsa:5150,D00889,0
hsa:4129,D00785,1
hsa:53938,D00224,0
hsa:377677,D00519,1
hsa:7957,D03670,0
hsa:8940,D00332,0
hsa:6610,D00437,0
hsa:55512,D02709,0
hsa:9601,D02290,0
hsa:8556,D02342,0
hsa:5145,D00501,1
hsa:5479,D00543,0
hsa:2263,D04023,1
hsa:762,D00655,1
hsa:5137,D00231,1
hsa:8555,D03899,0
hsa:5145,D00417,1
hsa:6799,D00217,1
hsa:5151,D00655,0
hsa:4914,D00416,0
hsa:238,D03752,0
hsa:6725,D04292,0
hsa:1571,D00437,1
hsa:1544,D00283,1
hsa:326625,D00653,0
hsa:660,D00536,0
hsa:4200,D00545,0
hsa:5330,D00892,0
hsa:2041,D00417,0
hsa:5536,D02017,0
hsa:29941,D00887,0
hsa:3156,D00892,1
hsa:377677,D00359,0
hsa:5604,D00512,0
hsa:5496,D00184,1
hsa:225689,D00359,0
hsa:2235,D03670,1
hsa:5147,D01712,1
hsa:199974,D00324,0
hsa:3645,D05353,0
hsa:765,D00519,1
hsa:5742,D02709,1
hsa:1847,D00107,1
hsa:5494,D00094,0
hsa:11238,D00513,0
hsa:1577,D03670,1
hsa:9023,D00437,1
hsa:55811,D00294,0
hsa:3932,D01441,1
hsa:4914,D01441,1
hsa:56922,D00900,0
hsa:5140,D02731,1
hsa:4353,D00401,1
hsa:54657,D01276,1
hsa:1551,D01712,0
hsa:1843,D00184,1
hsa:657,D01441,1
hsa:2806,D02166,0
hsa:513,D00543,1
hsa:5742,D00126,1
hsa:11221,D00107,1
hsa:7046,D04966,0
hsa:1544,D00283,0
hsa:151531,D01264,0
hsa:216,D00969,0
hsa:128853,D00563,0
hsa:1580,D00225,1
hsa:284541,D00225,1
hsa:1544,D00771,1
hsa:349565,D04028,0
hsa:1577,D00960,1
hsa:2339,D00410,0
hsa:126,D00425,0
hsa:1147,D00387,0
hsa:1584,D00394,1
hsa:1549,D00394,1
hsa:5137,D06238,0
hsa:64499,D02173,0
hsa:3551,D00513,0
hsa:3906,D00132,1
hsa:4914,D04023,1
hsa:2326,D02731,0
hsa:132160,D00785,0
hsa:983,D02289,0
hsa:231,D00136,1
hsa:1557,D00225,1
hsa:5602,D00196,0
hsa:6241,D00543,0
hsa:10846,D01001,0
hsa:50940,D02008,1
hsa:1969,D01977,1
hsa:1025,D00340,0
hsa:558,D04023,1
hsa:5138,D02731,1
hsa:5470,D01061,0
hsa:27034,D04966,0
hsa:5147,D00892,0
hsa:4835,D00359,0
hsa:5447,D00294,0
hsa:2235,D00423,0
hsa:51,D00129,0
hsa:2673,D00579,0
hsa:6716,D00655,0
hsa:1544,D03670,1
hsa:28,D00317,1
hsa:4025,D00217,1
hsa:2261,D00186,0
hsa:1595,D00225,1
hsa:22843,D00107,1
hsa:270,D02698,0
hsa:2147,D00494,1
hsa:1374,D00475,0
hsa:1558,D03670,1
hsa:5330,D00417,1
hsa:5500,D00107,1
hsa:1025,D00889,0
hsa:306,D02709,0
hsa:377677,D00340,1
hsa:2264,D00142,0
hsa:84171,D01364,0
hsa:3645,D00560,0
hsa:4837,D00537,0
hsa:4143,D04966,0
hsa:5150,D02017,1
hsa:7150,D02168,1
hsa:242,D00126,1
hsa:30,D00333,1
hsa:3283,D05353,0
hsa:54576,D01276,1
hsa:130399,D01441,1
hsa:1725,D00184,0
hsa:4128,D02562,1
hsa:5743,D00969,1
hsa:760,D00294,1
hsa:2339,D00503,0
hsa:780,D02110,0
hsa:8288,D00217,1
hsa:5137,D02731,1
hsa:91039,D03365,0
hsa:5742,D00359,0
hsa:5138,D00709,0
hsa:1384,D00654,0
hsa:1559,D00325,0
hsa:51004,D00542,1
hsa:30833,D00448,0
hsa:3815,D01441,1
hsa:23236,D00417,1
hsa:1360,D04023,0
hsa:1576,D00387,1
hsa:2161,D00568,0
hsa:6609,D00528,1
hsa:43,D02173,1
hsa:1621,D00131,1
hsa:5595,D00786,0
hsa:1589,D00709,0
hsa:54659,D01276,1
hsa:29785,D00574,1
hsa:1543,D00394,1
hsa:260293,D00371,0
hsa:2280,D00968,0
hsa:3480,D01441,1
hsa:1551,D00410,1
hsa:5837,D00749,0
hsa:84152,D00371,0
hsa:5351,D02418,0
hsa:5136,D00231,1
hsa:5141,D03260,1
hsa:1573,D00528,1
hsa:4023,D01565,0
hsa:84152,D00184,1
hsa:1573,D00394,1
hsa:1800,D00328,0
hsa:5624,D04023,0
hsa:11238,D00652,1
hsa:64850,D00332,1
hsa:56922,D01264,0
hsa:1544,D00394,1
hsa:23436,D00771,0
hsa:5496,D00107,1
hsa:63904,D00184,1
hsa:242,D03828,0
hsa:5143,D02229,1
hsa:7297,D01441,1
hsa:5150,D02008,1
hsa:150290,D00107,1
hsa:1549,D00574,1
hsa:1558,D00964,1
hsa:5500,D00900,0
hsa:5159,D00418,0
hsa:64087,D00519,0
hsa:660,D00251,0
hsa:5336,D00826,0
hsa:50940,D00231,1
hsa:2232,D00218,0
hsa:1582,D00885,0
hsa:5604,D01441,1
hsa:6610,D00528,1
hsa:5625,D00654,0
hsa:3735,D02168,0
hsa:1555,D00574,1
hsa:2936,D00380,0
hsa:5152,D03260,1
hsa:5550,D02368,0
hsa:767,D01196,1
hsa:2241,D01441,1
hsa:55775,D00528,1
hsa:1559,D00542,1
hsa:5742,D00330,1
hsa:84532,D02671,0
hsa:1580,D00410,1
hsa:1559,D00960,1
hsa:513,D00545,1
hsa:5624,D02368,0
hsa:767,D00653,1
hsa:8555,D00184,1
hsa:1845,D00892,0
hsa:349565,D02562,0
hsa:5327,D00131,0
hsa:4593,D04023,1
hsa:3376,D00184,0
hsa:1719,D06238,1
hsa:5149,D00501,1
hsa:10941,D01276,1
hsa:219,D00463,0
hsa:4920,D01977,1
hsa:199974,D00225,1
hsa:10846,D01712,1
hsa:7498,D00423,0
hsa:3643,D04023,1
hsa:1593,D00380,1
hsa:1734,D00217,1
hsa:5142,D00417,1
hsa:29785,D00158,0
hsa:9601,D00417,0
hsa:5494,D00225,0
hsa:5550,D00421,0
hsa:1543,D00960,1
hsa:5332,D00501,1
hsa:7535,D01441,1
hsa:9420,D00437,1
hsa:5122,D00130,0
hsa:1610,D00145,0
hsa:1548,D00542,1
hsa:1558,D00252,1
hsa:2876,D01966,0
hsa:762,D00537,1
hsa:80824,D00184,1
hsa:3645,D01441,1
hsa:1565,D00437,1
hsa:5650,D05353,0
hsa:5146,D00528,1
hsa:6713,D00475,0
hsa:29785,D00380,1
hsa:5091,D00155,0
hsa:2638,D00487,0
hsa:6898,D00394,0
hsa:64816,D00826,0
hsa:1267,D00501,1
hsa:339221,D00904,0
hsa:10461,D01977,1
hsa:5531,D01712,0
hsa:81579,D01370,0
hsa:765,D00218,1
hsa:8558,D02017,0
hsa:780,D02566,0
hsa:1991,D00129,0
hsa:983,D00184,0
hsa:4942,D00533,0
hsa:5142,D00889,0
hsa:239,D02166,0
hsa:10188,D02229,0
hsa:63904,D00574,0
hsa:1545,D00455,0
hsa:1559,D00380,1
hsa:5049,D01223,1
hsa:1553,D00394,1
hsa:10327,D00317,0
hsa:57016,D00136,1
hsa:6416,D01441,1
hsa:51004,D01061,0
hsa:2877,D00417,0
hsa:6609,D05458,0
hsa:5754,D05353,0
hsa:3156,D00216,0
hsa:1595,D03670,1
hsa:260293,D06238,0
hsa:8654,D00231,1
hsa:5538,D00547,0
hsa:1588,D00960,1
hsa:5351,D02229,0
hsa:326625,D01027,1
hsa:5836,D01276,0
hsa:444,D00131,1
hsa:1594,D00380,1
hsa:51207,D00107,1
hsa:3002,D00283,0
hsa:51172,D00501,1
hsa:6799,D00383,0
hsa:5547,D02342,0
hsa:767,D00538,1
hsa:5136,D02731,1
hsa:4907,D00463,0
hsa:1576,D03670,1
hsa:1582,D00225,1
hsa:1549,D00904,0
hsa:54878,D00596,0
hsa:1557,D05353,1
hsa:4129,D01475,0
hsa:1558,D01367,0
hsa:1845,D00125,0
hsa:150290,D05407,0
hsa:79799,D00625,0
hsa:1551,D00542,1
hsa:1850,D00107,1
hsa:114,D00317,0
hsa:8622,D00371,1
hsa:10549,D00217,1
hsa:5151,D00371,1
hsa:5515,D00107,1
hsa:1551,D00437,1
hsa:2595,D00537,0
hsa:1850,D00184,1
hsa:2328,D00448,0
hsa:5146,D00417,1
hsa:9420,D00107,0
hsa:51004,D00410,1
hsa:4953,D00568,0
hsa:29785,D00394,0
hsa:29968,D00463,0
hsa:759,D00519,1
hsa:81579,D02709,0
hsa:5500,D00184,1
hsa:2048,D04023,1
hsa:1573,D00437,1
hsa:6799,D00418,1
hsa:2877,D00158,0
hsa:6098,D01441,1
hsa:199974,D00964,1
hsa:1178,D00567,0
hsa:8529,D00882,0
hsa:5141,D02017,1
hsa:64816,D00380,1
hsa:28,D00294,0
hsa:377677,D00968,0
hsa:4233,D00383,0
hsa:79799,D00141,0
hsa:765,D00655,1
hsa:5742,D00903,1
hsa:5836,D00596,0
hsa:9023,D00225,1
hsa:238,D01977,1
hsa:1584,D00410,1
hsa:1573,D00964,1
hsa:5496,D00969,0
hsa:2822,D00501,1
hsa:513,D00542,1
hsa:2324,D00625,0
hsa:5144,D00227,1
hsa:1021,D00298,0
hsa:5536,D00107,1
hsa:1576,D00503,1
hsa:8622,D01712,1
hsa:1543,D00437,1
hsa:1583,D00542,1
hsa:132,D00252,0
hsa:377677,D01196,1
hsa:5336,D00417,1
hsa:5149,D02229,1
hsa:5338,D00885,0
hsa:762,D01196,1
hsa:1580,D00960,1
hsa:1557,D00536,1
hsa:51004,D00574,1
hsa:1565,D00542,0
hsa:2043,D00546,0
hsa:5494,D02698,0
hsa:5141,D01712,1
hsa:10846,D00371,1
hsa:5143,D00528,1
hsa:5532,D02355,0
hsa:4128,D00826,1
hsa:1595,D00574,1
hsa:1565,D00487,0
hsa:4129,D00826,1
hsa:1312,D00781,1
hsa:50940,D02017,1
hsa:4881,D00380,0
hsa:1544,D00960,1
hsa:326625,D00371,0
hsa:5091,D05458,0
hsa:1553,D03670,1
hsa:29941,D00549,0
hsa:5150,D00231,1
hsa:760,D00655,1
hsa:1969,D01441,1
hsa:4953,D00454,0
hsa:1549,D03670,1
hsa:30814,D00593,0
hsa:51004,D00380,1
hsa:1056,D04028,1
hsa:7156,D00340,0
hsa:495,D00455,1
hsa:57016,D00130,0
hsa:1147,D00448,1
hsa:5494,D00882,0
hsa:4759,D00900,1
hsa:54577,D01276,1
hsa:2324,D00155,0
hsa:8556,D00107,1
hsa:3002,D00333,0
hsa:3643,D04966,1
hsa:5834,D02008,0
hsa:4329,D00892,0
hsa:242,D00118,1
hsa:1558,D00380,1
hsa:3716,D01441,1
hsa:763,D00653,1
hsa:51095,D02166,0
hsa:50940,D00512,0
hsa:5470,D00184,1
hsa:93,D02115,0
hsa:10924,D00126,0
hsa:1545,D00437,1
hsa:1589,D00410,1
hsa:27032,D00545,1
hsa:4552,D03260,0
hsa:8529,D00900,0
hsa:5335,D00317,0
hsa:3988,D00425,0
hsa:2098,D00126,0
hsa:5136,D02008,1
hsa:5033,D00330,0
hsa:5447,D00965,1
hsa:84812,D00417,1
hsa:4593,D01223,0
hsa:199974,D00574,1
hsa:761,D00655,1
hsa:23236,D00622,0
hsa:4758,D00900,1
hsa:23035,D00045,0
hsa:2263,D01977,1
hsa:64816,D00542,1
hsa:4837,D02356,0
hsa:5138,D00227,1
hsa:5605,D00709,0
hsa:5141,D00359,0
hsa:11266,D00155,0
hsa:5140,D00501,1
hsa:5742,D00904,1
hsa:7363,D03822,0
hsa:57016,D00196,0
hsa:51172,D00528,1
hsa:5740,D00437,1
hsa:5141,D02731,1
hsa:1559,D05353,1
hsa:5743,D00132,1
hsa:476,D00771,0
hsa:1733,D00217,1
hsa:2066,D00826,0
hsa:1636,D00624,1
hsa:7174,D00421,0
hsa:1545,D00394,1
hsa:84618,D00501,1
hsa:199974,D00437,1
hsa:3988,D02068,0
hsa:6300,D00960,0
hsa:23430,D00328,0
hsa:1571,D00131,1
hsa:1572,D00437,1
hsa:5606,D00533,0
hsa:10935,D03670,1
hsa:112,D00401,0
hsa:7155,D00317,0
hsa:51251,D00501,1
hsa:4233,D03731,0
hsa:22954,D00283,1
hsa:150290,D01977,0
hsa:30814,D00528,0
hsa:4051,D00225,1
hsa:5423,D00227,0
hsa:7301,D01441,1
hsa:1033,D00107,1
hsa:51172,D00417,1
hsa:3906,D00126,1
hsa:32,D00892,0
hsa:2822,D00298,0
hsa:5602,D00416,0
hsa:189,D00231,0
hsa:444,D00623,0
hsa:759,D00294,1
hsa:25796,D00126,0
hsa:25796,D01223,1
hsa:3643,D00494,0
hsa:5156,D02375,0
hsa:5742,D00217,1
hsa:54576,D00501,0
hsa:7075,D01977,1
hsa:23239,D00107,1
hsa:116447,D02168,1
hsa:5138,D01712,1
hsa:3991,D00131,0
hsa:5335,D00501,1
hsa:767,D02375,0
hsa:54658,D00418,0
hsa:23632,D00448,0
hsa:5149,D01712,1
hsa:5604,D00501,0
hsa:1200,D02068,0
hsa:1558,D00410,1
hsa:7366,D01276,1
hsa:5143,D02017,1
hsa:1056,D00900,0
hsa:5321,D01367,1
hsa:6610,D00417,1
hsa:128853,D00107,1
hsa:23436,D02566,0
hsa:4916,D00126,0
hsa:8654,D00364,0
hsa:768,D00652,1
hsa:1558,D00574,1
hsa:22954,D00451,1
hsa:4860,D02267,0
hsa:1558,D00542,1
hsa:133121,D00417,1
hsa:1024,D00885,0
hsa:1545,D00380,1
hsa:51172,D02166,0
hsa:4017,D00283,0
hsa:1548,D00960,1
hsa:3735,D00494,0
hsa:5156,D00813,0
hsa:1593,D03670,1
hsa:5140,D00417,1
hsa:5337,D03365,0
hsa:9563,D01223,1
hsa:50940,D03260,1
hsa:1585,D00542,1
hsa:5336,D00501,1
hsa:5407,D00655,0
hsa:7153,D01747,1
hsa:9420,D00129,0
hsa:26279,D00596,0
hsa:1553,D00380,1
hsa:58190,D00107,1
hsa:1555,D00380,1
hsa:1846,D00184,1
hsa:3717,D01196,0
hsa:8398,D00132,0
hsa:4282,D01915,0
hsa:1610,D02008,0
hsa:4329,D00045,0
hsa:7364,D00459,0
hsa:6300,D02267,0
hsa:28,D01475,0
hsa:7153,D02166,1
hsa:7075,D00494,0
hsa:51302,D00380,1
hsa:2261,D01977,1
hsa:5496,D01441,0
hsa:5447,D01364,0
hsa:5142,D02008,1
hsa:1735,D02173,0
hsa:29785,D00528,1
hsa:766,D00567,0
hsa:2806,D01966,0
hsa:4953,D00501,0
hsa:4835,D00324,0
hsa:5333,D00530,0
hsa:23436,D00620,0
hsa:51251,D00969,0
hsa:2065,D03670,0
hsa:6259,D00364,0
hsa:6610,D00501,1
hsa:8529,D00574,1
hsa:116447,D01061,1
hsa:1806,D00584,1
hsa:5600,D00340,0
hsa:5742,D00969,1
hsa:84695,D02168,0
hsa:1845,D00545,0
hsa:1582,D00410,1
hsa:32,D00130,0
hsa:142679,D04292,0
hsa:5470,D00416,0
hsa:279,D01364,0
hsa:1844,D04028,0
hsa:5478,D02115,0
hsa:1559,D00579,0
hsa:2161,D00749,0
hsa:56922,D06238,0
hsa:1545,D00528,1
hsa:9420,D00542,1
hsa:216,D00094,1
hsa:4759,D02562,0
hsa:2232,D02558,0
hsa:767,D00454,0
hsa:25,D01441,1
hsa:1573,D00542,1
hsa:5743,D01364,1
hsa:759,D01196,1
hsa:54657,D00225,0
hsa:3480,D04023,1
hsa:7075,D00186,0
hsa:5141,D00231,1
hsa:27115,D03260,1
hsa:1594,D00542,1
hsa:5605,D00560,0
hsa:29785,D00960,0
hsa:3645,D02709,0
hsa:1557,D00574,1
hsa:1558,D00231,0
hsa:9023,D03670,1
hsa:1576,D00252,1
hsa:10924,D00417,1
hsa:6098,D00542,0
hsa:18,D02166,0
hsa:239,D01332,1
hsa:1579,D02356,0
hsa:5523,D00620,0
hsa:5138,D00623,0
hsa:5148,D00417,1
hsa:1557,D00960,1
hsa:10846,D02008,1
hsa:2950,D00892,0
hsa:7172,D00900,0
hsa:84152,D00120,0
hsa:1610,D01027,0
hsa:2260,D00136,0
hsa:780,D00448,0
hsa:5515,D00184,1
hsa:1553,D03365,1
hsa:43,D00670,1
hsa:22978,D03260,0
hsa:1636,D00459,1
hsa:51645,D00342,0
hsa:2042,D00364,0
hsa:1565,D00964,1
hsa:5142,D02731,1
hsa:7453,D02698,0
hsa:1890,D03752,0
hsa:1576,D00574,1
hsa:51645,D00107,1
hsa:7153,D03899,1
hsa:3141,D00218,0
hsa:57176,D02290,0
hsa:4128,D00270,1
hsa:5530,D00107,1
hsa:1719,D00129,0
hsa:84171,D00142,0
hsa:223,D00652,0
hsa:3735,D00567,0
hsa:1579,D03899,0
hsa:5149,D02017,1
hsa:1577,D00964,1
hsa:1312,D00227,0
hsa:5422,D01907,1
hsa:9955,D00965,0
hsa:766,D00652,1
hsa:1545,D00960,1
hsa:5602,D00887,0
hsa:50940,D00417,1
hsa:5152,D01712,1
hsa:5834,D00196,0
hsa:63904,D00969,0
hsa:767,D01164,0
hsa:1579,D00542,1
hsa:5140,D00528,1
hsa:9955,D00475,0
hsa:1376,D00624,0
hsa:5151,D00417,1
hsa:670,D01122,0
hsa:54576,D00963,0
hsa:1636,D00622,1
hsa:2322,D01977,1
hsa:10269,D00298,0
hsa:25796,D00270,0
hsa:1577,D00394,1
hsa:23632,D00421,0
hsa:2065,D01977,1
hsa:5837,D00965,0
hsa:51251,D00515,0
hsa:1645,D00567,0
hsa:260293,D00542,1
hsa:2321,D00231,0
hsa:5743,D01122,1
hsa:2673,D00547,0
hsa:51181,D00136,1
hsa:5143,D00371,1
hsa:2064,D01977,1
hsa:6300,D02356,0
hsa:5747,D00545,0
hsa:5624,D02342,0
hsa:763,D00519,1
hsa:2746,D02350,0
hsa:260293,D00145,0
hsa:5137,D00227,1
hsa:4051,D00394,1
hsa:558,D01977,1
hsa:1033,D00515,0
hsa:10,D03828,0
hsa:1573,D01367,0
hsa:2322,D01441,1
hsa:8622,D00528,0
hsa:1576,D00136,1
hsa:765,D00652,1
hsa:7054,D00622,0
hsa:5338,D00528,1
hsa:7054,D00624,0
hsa:3643,D01977,1
hsa:5743,D00158,1
hsa:2241,D02350,0
hsa:51004,D00528,1
hsa:5470,D00342,0
hsa:1147,D02731,0
hsa:54,D00416,0
hsa:5144,D00231,1
hsa:5331,D00528,1
hsa:1571,D00547,1
hsa:4921,D01977,1
hsa:128853,D00184,1
hsa:5152,D00227,1
hsa:1555,D00410,1
hsa:4548,D00045,0
hsa:5167,D00501,1
hsa:1549,D00437,1
hsa:64816,D00394,1
hsa:5151,D02566,0
hsa:3818,D01364,0
hsa:239,D00132,1
hsa:762,D00519,1
hsa:1588,D00380,1
hsa:93,D01441,1
hsa:5319,D00294,0
hsa:8940,D00538,0
hsa:112,D00129,0
hsa:771,D01196,1
hsa:5147,D00231,1
hsa:30,D05407,1
hsa:54658,D00533,0
hsa:5742,D00425,1
hsa:5321,D00216,0
hsa:5140,D01907,0
hsa:5607,D00107,0
hsa:1565,D02342,1
hsa:5136,D00519,0
hsa:284541,D00394,1
hsa:93,D00340,0
hsa:7299,D02342,0
hsa:1800,D01364,0
hsa:1990,D00125,0
hsa:2322,D00421,0
hsa:4143,D00653,0
hsa:189,D01001,0
hsa:1580,D04292,0
hsa:5600,D01565,0
hsa:5481,D00623,0
hsa:55,D00451,0
hsa:2049,D01441,1
hsa:10,D00448,1
hsa:5607,D00364,0
hsa:5169,D00528,1
hsa:54659,D01264,0
hsa:55512,D00501,1
hsa:762,D00965,0
hsa:1849,D02356,0
hsa:84706,D00535,0
hsa:5330,D00459,0
hsa:7046,D01441,1
hsa:8622,D00227,1
hsa:4486,D01977,1
hsa:2882,D01441,0
hsa:7015,D00579,1
hsa:199974,D03670,1
hsa:1594,D00528,1
hsa:27115,D01332,1
hsa:5747,D01441,1
hsa:8940,D02168,1
hsa:128853,D02342,0
hsa:8972,D00216,1
hsa:1595,D00654,0
hsa:5742,D00968,1
hsa:761,D00653,1
hsa:7363,D00887,0
hsa:2322,D00131,0
hsa:2324,D01441,1
hsa:8529,D00394,1
hsa:8529,D00380,1
hsa:1636,D00530,0
hsa:199974,D00542,1
hsa:55775,D00317,0
hsa:2950,D00293,0
hsa:1558,D00437,1
hsa:5150,D00417,1
hsa:5479,D00107,1
hsa:1636,D00623,1
hsa:10188,D01441,1
hsa:7153,D01264,1
hsa:5167,D00423,1
hsa:2065,D00512,0
hsa:5143,D00131,0
hsa:1558,D02356,1
hsa:4942,D00505,0
hsa:4916,D01977,1
hsa:5147,D00417,1
hsa:7054,D00545,0
hsa:5597,D00781,0
hsa:5743,D00813,1
hsa:55811,D01915,0
hsa:5322,D00437,0
hsa:260293,D00394,1
hsa:7173,D00401,1
hsa:5319,D02698,0
hsa:3645,D01977,1
hsa:247,D02350,0
hsa:5523,D00107,1
hsa:5136,D02229,1
hsa:2065,D00624,0
hsa:51004,D00394,1
hsa:1595,D00437,1
hsa:5319,D01223,1
hsa:2045,D01977,1
hsa:1577,D00437,1
hsa:1549,D00964,1
hsa:5138,D02229,1
hsa:2050,D00785,0
hsa:2155,D00324,0
hsa:1595,D01276,0
hsa:1583,D00574,1
hsa:513,D00547,1
hsa:9601,D03731,0
hsa:31,D02671,0
hsa:2047,D01441,1
hsa:5742,D02290,1
hsa:1588,D00538,0
hsa:4145,D00892,0
hsa:113,D03822,0
hsa:768,D01196,1
hsa:377677,D00652,1
hsa:5052,D00625,0
hsa:53938,D00328,0
hsa:1633,D02368,1
hsa:377677,D00781,0
hsa:5645,D00423,0
hsa:5137,D00371,1
hsa:1580,D00574,1
hsa:5740,D00410,1
hsa:5051,D00225,0
hsa:80824,D00107,1
hsa:5152,D00501,1
hsa:2264,D04023,1
hsa:231,D00158,0
hsa:4552,D00893,0
hsa:64902,D00425,0
hsa:5319,D01367,0
hsa:1585,D00225,1
hsa:5740,D00380,1
hsa:1733,D00574,0
hsa:5742,D00813,1
hsa:1806,D03822,0
hsa:2041,D02580,0
hsa:5138,D00231,1
hsa:766,D00145,0
hsa:1384,D00141,0
hsa:5336,D00528,1
hsa:1565,D00503,1
hsa:6609,D00501,1
hsa:2260,D00387,0
hsa:3643,D01441,1
hsa:377677,D00218,1
hsa:10846,D04966,0
hsa:5547,D00136,0
hsa:760,D00519,1
hsa:2042,D02566,0
hsa:5147,D00620,0
hsa:771,D00340,1
hsa:5147,D04028,0
hsa:128853,D00537,0
hsa:339221,D00501,1
hsa:27115,D00371,1
hsa:1555,D00964,1
hsa:5152,D01364,0
hsa:133121,D00454,0
hsa:5475,D01370,0
hsa:64600,D02267,0
hsa:7957,D00184,1
hsa:81579,D02375,0
hsa:279,D00625,1
hsa:1577,D00225,1
hsa:1576,D00394,1
hsa:231,D00786,0
hsa:4048,D00141,1
hsa:377677,D00549,0
hsa:8854,D00487,0
hsa:586,D00332,1
hsa:1589,D00437,0
hsa:5328,D02068,0
hsa:23632,D00655,1
hsa:27032,D00455,0
hsa:10858,D00542,1
hsa:10461,D00813,0
hsa:590,D00045,0
hsa:231,D02671,0
hsa:5742,D01122,1
hsa:27032,D00542,1
hsa:1178,D00437,0
hsa:1845,D00107,1
hsa:5743,D02709,1
hsa:7378,D00283,0
hsa:5338,D00417,1
hsa:2193,D00455,0
hsa:1545,D00964,1
hsa:43,D01001,1
hsa:4058,D02580,0
hsa:54578,D01276,1
hsa:1549,D00960,1
hsa:285220,D00655,0
hsa:5319,D00503,0
hsa:2321,D01441,1
hsa:1595,D00410,1
hsa:84812,D00501,1
hsa:5742,D00132,1
hsa:4486,D01061,0
hsa:1565,D01164,1
hsa:4017,D00270,1
hsa:216,D00451,0
hsa:23632,D01196,1
hsa:2042,D01977,1
hsa:5336,D01828,0
hsa:284541,D03670,1
hsa:51601,D00512,0
hsa:5754,D01441,1
hsa:27032,D00546,1
hsa:8398,D01223,1
hsa:1565,D02671,1
hsa:4023,D01223,1
hsa:2065,D00218,0
hsa:2328,D00969,0
hsa:7155,D01747,1
hsa:1579,D00528,1
hsa:284541,D00410,1
hsa:2048,D01441,1
hsa:5742,D00118,1
hsa:5537,D00107,1
hsa:7372,D00584,1
hsa:1544,D00225,1
hsa:240,D00132,1
hsa:6714,D00550,0
hsa:26279,D01973,0
hsa:1728,D02289,0
hsa:766,D00519,1
hsa:780,D01441,1
hsa:8529,D01364,0
hsa:84695,D00560,0
hsa:2185,D00622,0
hsa:2066,D01977,1
hsa:5500,D01332,0
hsa:5149,D00371,1
hsa:1589,D00380,1
hsa:5743,D00127,1
hsa:51645,D00217,0
hsa:5137,D00298,0
hsa:1544,D00217,1
hsa:5321,D00328,1
hsa:1571,D00410,1
hsa:3991,D00625,0
hsa:1445,D01441,1
hsa:3717,D00252,0
hsa:1803,D00217,0
hsa:2595,D00216,1
hsa:10846,D00417,1
hsa:4145,D02267,0
hsa:29785,D00437,1
hsa:5646,D00196,0
hsa:5322,D02229,0
hsa:2046,D01977,1
hsa:6897,D00547,0
hsa:5332,D00330,0
hsa:5150,D02731,1
hsa:768,D00218,1
hsa:126,D02350,0
hsa:771,D01712,0
hsa:4128,D00505,1
hsa:4835,D00125,0
hsa:5602,D00125,0
hsa:1565,D00315,0
hsa:23436,D00330,0
hsa:5500,D02671,0
hsa:11202,D00535,0
hsa:2936,D00547,0
hsa:29920,D06238,0
hsa:1548,D00394,1
hsa:7046,D00515,0
hsa:1545,D00574,1
hsa:1579,D00410,1
hsa:131,D02698,0
hsa:64600,D03828,0
hsa:2322,D04023,1
hsa:1178,D00227,0
hsa:1594,D00324,0
hsa:5142,D02017,1
hsa:2260,D00904,0
hsa:1580,D01712,0
hsa:1844,D00107,1
hsa:1579,D00225,1
hsa:2879,D00118,0
hsa:11202,D00132,0
hsa:18,D00332,1
hsa:1571,D00225,1
hsa:1969,D03828,0
hsa:28972,D02350,0
hsa:7453,D00401,1
hsa:199974,D00045,0
hsa:1580,D00542,1
hsa:4486,D04023,1
hsa:10667,D00726,0
hsa:10327,D00136,1
hsa:8529,D00528,1
hsa:5150,D02229,1
hsa:3990,D04028,1
hsa:6768,D00535,0
hsa:2044,D04023,1
hsa:4190,D00900,0
hsa:217,D00549,0
hsa:1555,D00528,1
hsa:4919,D01441,1
hsa:142679,D00184,1
hsa:1584,D00574,1
hsa:5150,D01332,1
hsa:54579,D00283,0
hsa:1588,D00394,1
hsa:1363,D03752,0
hsa:1558,D00394,1
hsa:3416,D00826,0
hsa:1147,D00383,0
hsa:5145,D02356,0
hsa:5516,D02580,0
hsa:1553,D00528,1
hsa:50484,D00542,0
hsa:54657,D03670,0
hsa:4051,D01370,0
hsa:1645,D00451,0
hsa:84532,D00475,0
hsa:1147,D02350,0
hsa:2822,D00184,0
hsa:1557,D00416,1
hsa:4128,D02580,1
hsa:84618,D02017,0
hsa:780,D01977,1
hsa:111,D00394,0
hsa:1565,D00530,0
hsa:1581,D00394,1
hsa:9420,D00410,1
hsa:1431,D00332,0
hsa:64902,D00332,1
hsa:1584,D00437,1
hsa:216,D04292,0
hsa:247,D00132,1
hsa:476,D00654,1
hsa:23430,D01441,0
hsa:1555,D00225,1
hsa:142679,D02558,0
hsa:1594,D00437,1
hsa:11238,D00538,1
hsa:5332,D00118,0
hsa:4129,D00813,0
hsa:1557,D00964,1
hsa:1024,D00781,0
hsa:613,D00487,0
hsa:189,D00145,0
hsa:2058,D00325,0
hsa:5144,D02017,1
hsa:27115,D02731,1
hsa:5532,D00184,1
hsa:7083,D01061,0
hsa:1543,D00217,1
hsa:2261,D00536,0
hsa:1576,D00225,1
hsa:5607,D00340,0
