hsa:152,D00789
hsa:148,D07775
hsa:1813,D08430
hsa:3350,D05523
hsa:1813,D02248
hsa:148,D04532
hsa:152,D01347
hsa:153,D05206
hsa:1132,D03859
hsa:1131,D00147
hsa:146,D03648
hsa:147,D06234
hsa:154,D10546
hsa:1813,D10364
hsa:4986,D01340
hsa:2550,D00058
hsa:1131,D04034
hsa:1812,D07870
hsa:3350,D02357
hsa:150,D05648
hsa:2740,D04121
hsa:3351,D02826
hsa:3358,D02688
hsa:155,D07496
hsa:4985,D05312
hsa:3360,D06056
hsa:3362,D10099
hsa:1128,D00779
hsa:155,D04018
hsa:4986,D01500
hsa:148,D00819
hsa:148,D07550
hsa:1129,D00715
hsa:1132,D06331
hsa:4988,D10478
hsa:151,D09842
hsa:153,D01454
hsa:1129,D00716
hsa:154,D08474
hsa:148,D08220
hsa:1129,D07821
hsa:148,D00485
hsa:3358,D00283
hsa:10800,D02850
hsa:1132,D04479
hsa:3356,D00819
hsa:1133,D03088
hsa:1128,D00481
hsa:1813,D01448
hsa:151,D00076
hsa:146,D02268
hsa:1813,D00795
hsa:3356,D06343
hsa:3269,D05660
hsa:1133,D01451
hsa:3360,D09693
hsa:1129,D08923
hsa:4988,D08639
hsa:1132,D07301
hsa:153,D08572
hsa:3358,D05015
hsa:4988,D08047
hsa:554,D00366
hsa:3269,D00671
hsa:1133,D07477
hsa:1129,D01871
hsa:147,D03415
hsa:151,D01163
hsa:154,D03415
hsa:154,D05902
hsa:1129,D07099
hsa:151,D08284
hsa:6755,D04666
hsa:1241,D06140
hsa:1133,D08389
hsa:1131,D01955
hsa:155,D09535
hsa:846,D03505
hsa:846,D03504
hsa:146,D01017
hsa:3352,D02211
hsa:1814,D07870
hsa:2798,D00573
hsa:150,D00509
hsa:3356,D10516
hsa:1909,D07077
hsa:1813,D00793
hsa:3269,D01336
hsa:4988,D10740
hsa:1133,D08425
hsa:147,D00997
hsa:150,D09794
hsa:1129,D00789
hsa:155,D06176
hsa:153,D04889
hsa:3269,D07803
hsa:3356,D03506
hsa:3269,D08041
hsa:10800,D06659
hsa:1813,D01176
hsa:3358,D00820
hsa:1128,D03274
hsa:1132,D01175
hsa:154,D02404
hsa:1813,D00502
hsa:1133,D00524
hsa:1129,D06175
hsa:148,D08449
hsa:1133,D00721
hsa:3356,D00563
hsa:1133,D03859
hsa:3360,D07700
hsa:147,D01691
hsa:154,D01691
hsa:4988,D07122
hsa:154,D08572
hsa:4988,D04924
hsa:1909,D03953
hsa:1813,D07217
hsa:1132,D10978
hsa:1813,D02671
hsa:3062,D11269
hsa:3350,D07906
hsa:135,D09717
hsa:1128,D07303
hsa:1129,D00465
hsa:152,D01224
hsa:153,D03759
hsa:1812,D02775
hsa:3269,D07404
hsa:3061,D09964
hsa:136,D01771
hsa:4988,D10162
hsa:1131,D07821
hsa:6869,D10742
hsa:3269,D03704
hsa:3351,D00451
hsa:1129,D04116
hsa:4985,D02238
hsa:134,D00045
hsa:147,D08192
hsa:1132,D05418
hsa:3351,D03983
hsa:147,D01021
hsa:1815,D03892
hsa:4986,D07132
hsa:1132,D04868
hsa:1131,D01077
hsa:150,D00507
hsa:3356,D08397
hsa:147,D05395
hsa:3357,D07701
hsa:1133,D08384
hsa:1129,D04087
hsa:1813,D09876
hsa:6754,D11192
hsa:147,D08220
hsa:5724,D07407
hsa:3269,D04980
hsa:148,D06234
hsa:1131,D07511
hsa:1128,D05779
hsa:151,D08216
hsa:1815,D01548
hsa:3356,D00820
hsa:3269,D01902
hsa:3358,D01902
hsa:150,D03672
hsa:153,D02834
hsa:1813,D01321
hsa:186,D02939
hsa:151,D04124
hsa:1128,D02535
hsa:148,D00255
hsa:4158,D02105
hsa:148,D08662
hsa:146,D01347
hsa:1813,D01485
hsa:3350,D10355
hsa:1129,D10545
hsa:1813,D01520
hsa:3352,D07997
hsa:1131,D02535
hsa:155,D02150
hsa:1129,D01463
hsa:1133,D00719
hsa:155,D01906
hsa:1133,D01201
hsa:3356,D07700
hsa:1129,D06015
hsa:150,D08449
hsa:153,D02081
hsa:4986,D05462
hsa:3358,D00789
hsa:153,D00513
hsa:64805,D03361
hsa:2798,D00988
hsa:146,D08271
hsa:3269,D02234
hsa:4985,D02095
hsa:5739,D08065
hsa:1129,D03274
hsa:1813,D00788
hsa:146,D08206
hsa:1129,D03858
hsa:152,D04765
hsa:150,D08614
hsa:3269,D01324
hsa:3269,D01782
hsa:1132,D08157
hsa:1131,D10180
hsa:3269,D00494
hsa:151,D07931
hsa:154,D04888
hsa:148,D01830
hsa:6753,D05812
hsa:148,D00636
hsa:185,D00357
hsa:1129,D08418
hsa:1133,D07513
hsa:1813,D00789
hsa:6869,D04122
hsa:1131,D07303
hsa:1814,D00059
hsa:553,D09820
hsa:148,D07465
hsa:1133,D10978
hsa:147,D02568
hsa:1813,D00560
hsa:148,D01887
hsa:150,D07834
hsa:153,D02537
hsa:1813,D02683
hsa:11255,D10129
hsa:154,D01795
hsa:1131,D08923
hsa:134,D00528
hsa:4158,D06544
hsa:1129,D01359
hsa:150,D04223
hsa:154,D08424
hsa:1815,D08132
hsa:154,D04701
hsa:4988,D02102
hsa:1131,D07081
hsa:1129,D01538
hsa:147,D07931
hsa:147,D01573
hsa:154,D07931
hsa:154,D01573
hsa:3269,D01295
hsa:1816,D04097
hsa:154,D00683
hsa:3358,D06343
hsa:1269,D00306
hsa:146,D07931
hsa:3350,D00702
hsa:1129,D04057
hsa:1815,D09887
hsa:1131,D00722
hsa:1812,D00502
hsa:148,D01333
hsa:1131,D08418
hsa:155,D07156
hsa:1813,D07563
hsa:3269,D01143
hsa:155,D01182
hsa:154,D08078
hsa:154,D08124
hsa:153,D00255
hsa:3356,D05339
hsa:3269,D07878
hsa:155,D08850
hsa:4988,D05667
hsa:152,D02149
hsa:153,D01741
hsa:147,D08284
hsa:154,D08284
hsa:155,D01025
hsa:150,D07905
hsa:147,D08684
hsa:150,D03274
hsa:3357,D00681
hsa:147,D01307
hsa:1909,D03009
hsa:146,D05395
hsa:146,D08966
hsa:1129,D02069
hsa:1133,D03979
hsa:154,D09696
hsa:1128,D01871
hsa:4985,D08144
hsa:3350,D02767
hsa:146,D08253
hsa:150,D01224
hsa:153,D08074
hsa:1129,D00782
hsa:1813,D08094
hsa:153,D08115
hsa:1131,D07083
hsa:1813,D04038
hsa:4988,D07810
hsa:11255,D03102
hsa:1131,D00138
hsa:154,D05037
hsa:3358,D00819
hsa:1132,D00716
hsa:153,D09794
hsa:153,D02066
hsa:3350,D09876
hsa:3358,D00563
hsa:154,D01504
hsa:1128,D07804
hsa:150,D05688
hsa:147,D03887
hsa:1129,D07226
hsa:155,D05688
hsa:6752,D00442
hsa:3352,D00676
hsa:1813,D01482
hsa:3358,D07700
hsa:3269,D07402
hsa:11255,D01592
hsa:1129,D07084
hsa:3351,D01973
hsa:3356,D00270
hsa:147,D00255
hsa:154,D00255
hsa:3351,D05740
hsa:3358,D07854
hsa:1132,D01315
hsa:4988,D11292
hsa:3061,D11022
hsa:4988,D10690
hsa:554,D07748
hsa:1132,D00715
hsa:3357,D05523
hsa:1813,D01044
hsa:1812,D07976
hsa:5737,D02727
hsa:3356,D02995
hsa:147,D08029
hsa:153,D03881
hsa:4986,D00847
hsa:134,D06019
hsa:135,D02300
hsa:153,D00601
hsa:3356,D02577
hsa:4985,D05667
hsa:153,D08443
hsa:3351,D00675
hsa:152,D01163
hsa:1812,D04488
hsa:5021,D00089
hsa:3269,D08768
hsa:1129,D01318
hsa:1128,D06877
hsa:4986,D08249
hsa:153,D07156
hsa:4988,D08144
hsa:1129,D08376
hsa:185,D01204
hsa:1813,D04488
hsa:2862,D10330
hsa:146,D00756
hsa:3062,D11022
hsa:1812,D02236
hsa:155,D02389
hsa:148,D01573
hsa:1133,D09819
hsa:4988,D10692
hsa:151,D02569
hsa:150,D03002
hsa:146,D02109
hsa:1394,D03905
hsa:155,D02149
hsa:150,D07461
hsa:1814,D05682
hsa:4988,D00195
hsa:1814,D09886
hsa:3352,D07701
hsa:150,D05206
hsa:1133,D04868
hsa:1128,D08395
hsa:1131,D02876
hsa:3356,D04055
hsa:1815,D02676
hsa:3358,D01477
hsa:154,D01794
hsa:4988,D07861
hsa:5724,D04724
hsa:4988,D04461
hsa:4988,D06189
hsa:1129,D03979
hsa:1129,D02247
hsa:1133,D02069
hsa:1131,D01318
hsa:155,D09842
hsa:3356,D02092
hsa:153,D08318
hsa:4988,D02271
hsa:151,D01224
hsa:1131,D01532
hsa:1133,D09402
hsa:147,D01830
hsa:154,D01830
hsa:3357,D07700
hsa:2798,D08901
hsa:148,D01445
hsa:1813,D02609
hsa:1129,D05418
hsa:153,D05011
hsa:5733,D00419
hsa:1133,D00765
hsa:799,D09600
hsa:153,D01025
hsa:1129,D03814
hsa:554,D07227
hsa:3350,D09997
hsa:4988,D02878
hsa:146,D01369
hsa:1128,D01006
hsa:154,D04626
hsa:1813,D01477
hsa:3356,D10006
hsa:554,D04752
hsa:1132,D04087
hsa:147,D03648
hsa:151,D04883
hsa:134,D07491
hsa:147,D01369
hsa:147,D01674
hsa:146,D01571
hsa:1129,D07823
hsa:1813,D00454
hsa:1131,D02200
hsa:1128,D06217
hsa:1814,D00560
hsa:1813,D09819
hsa:6869,D06317
hsa:7201,D09845
hsa:155,D01952
hsa:4161,D09937
hsa:146,D00124
hsa:151,D08207
hsa:4988,D05312
hsa:4985,D05113
hsa:4986,D11111
hsa:1813,D02681
hsa:155,D01390
hsa:1129,D08325
hsa:155,D04888
hsa:134,D09684
hsa:1128,D08382
hsa:1129,D01532
hsa:1813,D09397
hsa:4988,D00729
hsa:152,D08487
hsa:1813,D02372
hsa:1133,D07302
hsa:1133,D00397
hsa:152,D00563
hsa:3356,D02100
hsa:147,D00485
hsa:154,D00485
hsa:3269,D00234
hsa:1132,D01004
hsa:1131,D02070
hsa:1132,D05035
hsa:154,D02981
hsa:146,D01445
hsa:1132,D08389
hsa:1128,D05418
hsa:1128,D02750
hsa:1132,D03979
hsa:4985,D06189
hsa:1128,D04868
hsa:4985,D08100
hsa:1813,D05008
hsa:1128,D07349
hsa:6915,D01123
hsa:2692,D08523
hsa:155,D00996
hsa:1131,D00721
hsa:1131,D00661
hsa:148,D01021
hsa:154,D01362
hsa:3356,D02767
hsa:146,D01386
hsa:3274,D01193
hsa:147,D01163
hsa:5729,D08940
hsa:150,D05637
hsa:1133,D06015
hsa:1813,D07976
hsa:146,D07906
hsa:152,D07931
hsa:1813,D08342
hsa:3274,D08040
hsa:1129,D01451
hsa:4988,D08323
hsa:2550,D09791
hsa:155,D02081
hsa:552,D08571
hsa:1129,D05703
hsa:152,D05637
hsa:6752,D11204
hsa:1133,D07099
hsa:151,D01386
hsa:3356,D09976
hsa:1813,D07977
hsa:1128,D00138
hsa:147,D07874
hsa:5739,D01385
hsa:1394,D10022
hsa:3269,D07398
hsa:150,D04375
hsa:153,D04018
hsa:1814,D03891
hsa:150,D04026
hsa:3351,D00415
hsa:135,D00528
hsa:155,D01794
hsa:1132,D01955
hsa:552,D09820
hsa:3356,D08257
hsa:4158,D09801
hsa:153,D05345
hsa:148,D08239
hsa:154,D07496
hsa:5729,D10326
hsa:3269,D08163
hsa:1813,D02641
hsa:1132,D07513
hsa:4988,D06618
hsa:5737,D01352
hsa:150,D08624
hsa:3356,D02893
hsa:846,D10676
hsa:1128,D08638
hsa:1128,D07079
hsa:1813,D08637
hsa:153,D00636
hsa:152,D00270
hsa:5732,D03187
hsa:135,D03212
hsa:2798,D08010
hsa:1812,D02613
hsa:153,D00076
hsa:3356,D11170
hsa:1132,D00147
hsa:148,D07097
hsa:153,D06328
hsa:3269,D00664
hsa:1812,D02612
hsa:151,D08511
hsa:1131,D01538
hsa:3351,D01321
hsa:1128,D02069
hsa:3352,D04264
hsa:4988,D10436
hsa:1128,D07759
hsa:1129,D03970
hsa:1128,D08595
hsa:6869,D09650
hsa:5724,D08497
hsa:4986,D08100
hsa:1812,D08692
hsa:1131,D05276
hsa:3358,D06623
hsa:1128,D02246
hsa:152,D06671
hsa:1813,D08489
hsa:1813,D04693
hsa:1131,D01269
hsa:3356,D00681
hsa:3350,D09698
hsa:153,D07660
hsa:1131,D01699
hsa:147,D08115
hsa:154,D08115
hsa:135,D08646
hsa:1131,D08837
hsa:1132,D01815
hsa:3274,D05939
hsa:151,D05466
hsa:148,D08253
hsa:3354,D07700
hsa:3973,D06459
hsa:1812,D02162
hsa:3269,D08645
hsa:4988,D08233
hsa:1901,D11072
hsa:1131,D03858
hsa:1128,D00717
hsa:1813,D06567
hsa:3269,D07194
hsa:3350,D07593
hsa:2693,D10563
hsa:2862,D02801
hsa:1131,D07301
hsa:3356,D08626
hsa:146,D05689
hsa:4986,D08144
hsa:1394,D09695
hsa:1129,D05535
hsa:3360,D08236
hsa:1128,D03859
hsa:154,D03177
hsa:148,D08206
hsa:1132,D06015
hsa:151,D05087
hsa:146,D06380
hsa:146,D08366
hsa:134,D03051
hsa:4544,D02689
hsa:152,D01017
hsa:155,D08206
hsa:1128,D08418
hsa:147,D04532
hsa:3360,D11221
hsa:1128,D07070
hsa:148,D08362
hsa:153,D01017
hsa:186,D04126
hsa:6755,D05812
hsa:151,D08683
hsa:4986,D10812
hsa:3351,D03982
hsa:1129,D01377
hsa:1813,D02236
hsa:153,D06014
hsa:1131,D05035
hsa:1814,D01548
hsa:151,D11056
hsa:1241,D05085
hsa:1812,D00788
hsa:1128,D01359
hsa:3350,D09358
hsa:3356,D03274
hsa:1815,D08235
hsa:3350,D04314
hsa:1132,D07823
hsa:146,D07451
hsa:147,D08271
hsa:5745,D03358
hsa:4986,D05299
hsa:150,D00606
hsa:3269,D03056
hsa:9340,D11337
hsa:3356,D02666
hsa:147,D08560
hsa:4988,D07620
hsa:1814,D08489
hsa:1132,D01359
hsa:146,D00636
hsa:3269,D07459
hsa:5021,D07229
hsa:146,D00757
hsa:1813,D01226
hsa:1131,D03087
hsa:5732,D09613
hsa:1133,D00138
hsa:153,D07624
hsa:5737,D00682
hsa:1813,D01468
hsa:2692,D06655
hsa:3358,D02686
hsa:4987,D10436
hsa:4988,D07740
hsa:154,D05476
hsa:2798,D10888
hsa:3973,D06457
hsa:1129,D03011
hsa:1813,D00797
hsa:3269,D07875
hsa:4988,D02227
hsa:3360,D09934
hsa:6752,D04666
hsa:5746,D05364
hsa:1133,D00999
hsa:6753,D10497
hsa:152,D00776
hsa:1128,D03264
hsa:3357,D00454
hsa:153,D01386
hsa:3357,D05395
hsa:1131,D06273
hsa:3356,D00426
hsa:1812,D00613
hsa:152,D03702
hsa:3350,D09397
hsa:152,D08684
hsa:59340,D08040
hsa:136,D05429
hsa:4543,D08170
hsa:153,D07916
hsa:185,D04243
hsa:3356,D08244
hsa:4986,D08639
hsa:1133,D01297
hsa:152,D01019
hsa:1813,D03891
hsa:151,D08205
hsa:1131,D07084
hsa:153,D00599
hsa:4988,D05462
hsa:3269,D07195
hsa:3358,D03506
hsa:1129,D01175
hsa:1128,D00524
hsa:151,D03002
hsa:3357,D08626
hsa:3351,D02825
hsa:152,D08206
hsa:150,D05087
hsa:152,D04034
hsa:4988,D05938
hsa:155,D08368
hsa:4988,D10648
hsa:6751,D10566
hsa:3269,D00665
hsa:1132,D10180
hsa:1813,D02037
hsa:1129,D02212
hsa:148,D01485
hsa:4988,D07863
hsa:3350,D07701
hsa:1131,D03276
hsa:148,D03914
hsa:1132,D07759
hsa:1129,D00778
hsa:1132,D00787
hsa:1132,D01463
hsa:4988,D01435
hsa:3356,D00794
hsa:2492,D05258
hsa:3274,D01698
hsa:3351,D07837
hsa:146,D00607
hsa:4986,D05312
hsa:1131,D01005
hsa:3356,D09645
hsa:1131,D04868
hsa:1133,D02212
hsa:3061,D10345
hsa:3360,D01838
hsa:151,D01603
hsa:4986,D05111
hsa:154,D07156
hsa:155,D01444
hsa:1128,D06175
hsa:154,D00599
hsa:1131,D09402
hsa:1133,D01532
hsa:147,D00507
hsa:1133,D01007
hsa:1813,D02340
hsa:1128,D03824
hsa:3357,D02666
hsa:4988,D07831
hsa:1816,D07870
hsa:1813,D00458
hsa:1815,D00633
hsa:1131,D02064
hsa:134,D01453
hsa:3269,D03893
hsa:3357,D07854
hsa:2798,D04405
hsa:4988,D10403
hsa:146,D01025
hsa:4988,D00837
hsa:1129,D00722
hsa:146,D02149
hsa:552,D04137
hsa:4985,D05462
hsa:554,D02235
hsa:1132,D10545
hsa:1132,D08595
hsa:150,D00270
hsa:11255,D04445
hsa:3356,D05015
hsa:1128,D01007
hsa:151,D00509
hsa:1813,D01412
hsa:3357,D04148
hsa:148,D05228
hsa:799,D03287
hsa:1129,D01006
hsa:553,D06672
hsa:153,D03415
hsa:148,D08411
hsa:155,D08090
hsa:153,D07496
hsa:7201,D01925
hsa:154,D04703
hsa:136,D08647
hsa:3358,D06253
hsa:152,D09842
hsa:6752,D05230
hsa:4988,D00836
hsa:5729,D09990
hsa:1813,D02371
hsa:1813,D01742
hsa:1813,D02622
hsa:1132,D05452
hsa:1812,D03892
hsa:1131,D00397
hsa:154,D01978
hsa:152,D00076
hsa:3350,D08561
hsa:151,D05119
hsa:1129,D07511
hsa:153,D01469
hsa:148,D08106
hsa:1132,D07349
hsa:148,D08560
hsa:3356,D08148
hsa:1128,D01004
hsa:3356,D01176
hsa:3357,D09819
hsa:1132,D00138
hsa:1128,D05035
hsa:1813,D03892
hsa:153,D02109
hsa:151,D08982
hsa:147,D01025
hsa:1131,D01231
hsa:152,D08482
hsa:154,D01025
hsa:3973,D04824
hsa:3357,D01477
hsa:3269,D08118
hsa:136,D00227
hsa:147,D06623
hsa:155,D01386
hsa:1131,D00715
hsa:150,D00076
hsa:3356,D02656
hsa:3360,D00274
hsa:1268,D04717
hsa:155,D00076
hsa:1132,D03076
hsa:1133,D00779
hsa:5731,D02722
hsa:1813,D07593
hsa:4985,D10403
hsa:153,D02976
hsa:1133,D03824
hsa:4988,D05113
hsa:2798,D01685
hsa:5021,D03008
hsa:148,D00609
hsa:3269,D02245
hsa:10800,D08229
hsa:151,D08444
hsa:1128,D06000
hsa:151,D02034
hsa:152,D06344
hsa:152,D07540
hsa:4985,D00729
hsa:5737,D02343
hsa:554,D09820
hsa:153,D07931
hsa:153,D04026
hsa:3362,D02688
hsa:3357,D02767
hsa:146,D08578
hsa:154,D04072
hsa:5745,D06078
hsa:3269,D02249
hsa:3269,D04494
hsa:153,D02374
hsa:1815,D07870
hsa:1813,D04965
hsa:1813,D02100
hsa:4988,D04973
hsa:886,D02710
hsa:1132,D03011
hsa:1131,D00646
hsa:148,D08284
hsa:1901,D10001
hsa:1131,D08522
hsa:5731,D02860
hsa:1132,D01377
hsa:1133,D08653
hsa:11255,D08040
hsa:154,D08039
hsa:3352,D00675
hsa:154,D06176
hsa:150,D08141
hsa:4158,D00146
hsa:1132,D01165
hsa:155,D07184
hsa:152,D11056
hsa:3356,D00454
hsa:3356,D04148
hsa:1813,D02163
hsa:1132,D07302
hsa:146,D07874
hsa:150,D02388
hsa:1131,D00720
hsa:3356,D00283
hsa:7201,D00176
hsa:148,D08982
hsa:1132,D02069
hsa:152,D09794
hsa:155,D05466
hsa:1133,D03711
hsa:1812,D10329
hsa:1128,D00723
hsa:151,D00997
hsa:5021,D10117
hsa:1131,D05012
hsa:3269,D01627
hsa:2693,D05734
hsa:146,D02537
hsa:140,D00045
hsa:3358,D07307
hsa:4985,D00843
hsa:10800,D01385
hsa:3356,D00561
hsa:1129,D10180
hsa:1132,D07079
hsa:147,D08449
hsa:147,D08624
hsa:154,D08449
hsa:3358,D10170
hsa:1133,D07349
hsa:1131,D01946
hsa:154,D01492
hsa:1133,D08382
hsa:185,D02939
hsa:154,D08092
hsa:3358,D07701
hsa:1813,D00136
hsa:3354,D01321
hsa:1131,D03274
hsa:1133,D04087
hsa:3274,D00673
hsa:1133,D01000
hsa:154,D02081
hsa:2798,D04823
hsa:5739,D01551
hsa:1128,D00113
hsa:155,D03729
hsa:154,D07990
hsa:1128,D00722
hsa:147,D00636
hsa:4157,D09937
hsa:148,D01277
hsa:11255,D10749
hsa:151,D00405
hsa:1814,D01164
hsa:4985,D07937
hsa:150,D07833
hsa:1128,D10181
hsa:1129,D07853
hsa:1131,D00270
hsa:148,D00607
hsa:151,D08684
hsa:154,D07181
hsa:1132,D05628
hsa:6752,D05812
hsa:1132,D02070
hsa:3358,D07756
hsa:1132,D07804
hsa:154,D06374
hsa:4986,D06189
hsa:3354,D04533
hsa:1132,D00397
hsa:1813,D08692
hsa:151,D05689
hsa:1132,D00721
hsa:152,D00283
hsa:6869,D10895
hsa:1133,D05360
hsa:2149,D09765
hsa:1813,D01101
hsa:3274,D06157
hsa:153,D00597
hsa:1131,D01929
hsa:153,D00235
hsa:1813,D05575
hsa:3269,D08091
hsa:2642,D11230
hsa:1133,D10546
hsa:148,D01025
hsa:1132,D05276
hsa:1813,D07836
hsa:1132,D01532
hsa:1128,D02070
hsa:1813,D05677
hsa:3274,D04794
hsa:3362,D10100
hsa:150,D00789
hsa:1814,D00633
hsa:799,D00249
hsa:152,D05688
hsa:3269,D03535
hsa:147,D02901
hsa:153,D01806
hsa:1128,D05276
hsa:1813,D00270
hsa:3350,D10516
hsa:134,D04006
hsa:148,D01171
hsa:9568,D05621
hsa:3269,D05742
hsa:1131,D06878
hsa:4988,D01481
hsa:150,D06344
hsa:3358,D07316
hsa:2696,D11360
hsa:11255,D07522
hsa:153,D01830
hsa:1131,D01976
hsa:554,D01236
hsa:154,D01390
hsa:3357,D03274
hsa:152,D04375
hsa:147,D08411
hsa:6869,D06597
hsa:1814,D05575
hsa:1132,D04434
hsa:4988,D07937
hsa:1133,D00787
hsa:2149,D09866
hsa:1812,D07687
hsa:4986,D07864
hsa:3356,D06633
hsa:3358,D00270
hsa:146,D01485
hsa:155,D07590
hsa:148,D01691
hsa:1813,D00479
hsa:1813,D08172
hsa:1813,D07687
hsa:3356,D08297
hsa:1131,D01297
hsa:1132,D01118
hsa:1813,D03274
hsa:147,D08444
hsa:152,D00509
hsa:5737,D08661
hsa:134,D01712
hsa:5737,D02724
hsa:148,D01019
hsa:1129,D08419
hsa:6751,D10497
hsa:3358,D02577
hsa:1133,D05418
hsa:1132,D06192
hsa:6753,D02108
hsa:6755,D09988
hsa:1128,D02876
hsa:153,D05688
hsa:154,D03729
hsa:1131,D03076
hsa:5737,D00356
hsa:1133,D01165
hsa:3274,D04494
hsa:3269,D09819
hsa:1128,D08157
hsa:154,D07624
hsa:3360,D09694
hsa:140,D02300
hsa:148,D08624
hsa:1815,D01462
hsa:1131,D01648
hsa:6869,D04860
hsa:2740,D09729
hsa:1129,D07070
hsa:1133,D03276
hsa:1813,D06623
hsa:153,D01224
hsa:4988,D02205
hsa:154,D00378
hsa:3269,D06552
hsa:1131,D07477
hsa:1133,D06061
hsa:1133,D10989
hsa:147,D00124
hsa:150,D01573
hsa:154,D00124
hsa:1129,D03711
hsa:1133,D07079
hsa:1131,D02212
hsa:1129,D02292
hsa:1129,D04434
hsa:153,D05228
hsa:154,D08300
hsa:147,D02109
hsa:154,D02109
hsa:152,D00680
hsa:5732,D02975
hsa:152,D09819
hsa:1813,D09953
hsa:1128,D01377
hsa:147,D08358
hsa:1128,D07477
hsa:1132,D01201
hsa:153,D01182
hsa:5739,D10725
hsa:150,D00095
hsa:147,D07550
hsa:1128,D06061
hsa:1128,D10989
hsa:153,D02149
hsa:3062,D10345
hsa:1268,D09349
hsa:3358,D02578
hsa:151,D07540
hsa:1813,D02610
hsa:1128,D05535
hsa:148,D01469
hsa:147,D00743
hsa:153,D04708
hsa:3357,D02357
hsa:136,D00371
hsa:2692,D03326
hsa:1131,D01377
hsa:1813,D02729
hsa:1813,D04034
hsa:1813,D00559
hsa:1241,D04074
hsa:148,D01024
hsa:151,D08141
hsa:153,D00602
hsa:151,D02076
hsa:3363,D02995
hsa:154,D02374
hsa:1128,D00397
hsa:10800,D02846
hsa:1394,D03591
hsa:3352,D07887
hsa:1133,D07821
hsa:154,D06562
hsa:151,D05206
hsa:1131,D01815
hsa:147,D01277
hsa:151,D08126
hsa:154,D01277
hsa:3274,D04517
hsa:2798,D04644
hsa:148,D08569
hsa:53637,D11072
hsa:1132,D00782
hsa:1131,D08395
hsa:3269,D00520
hsa:3351,D08397
hsa:3269,D00663
hsa:148,D01224
hsa:3269,D07684
hsa:1132,D00722
hsa:1812,D08339
hsa:3356,D05107
hsa:154,D04889
hsa:155,D01224
hsa:3269,D08297
hsa:134,D10493
hsa:2740,D09723
hsa:3352,D07837
hsa:1131,D02247
hsa:1815,D02656
hsa:4988,D02101
hsa:146,D08257
hsa:2798,D02738
hsa:1133,D01871
hsa:1133,D08157
hsa:1129,D05276
hsa:1812,D03937
hsa:148,D05637
hsa:1128,D01946
hsa:1133,D02535
hsa:1129,D01297
hsa:1131,D00719
hsa:152,D00485
hsa:1132,D01007
hsa:4986,D02238
hsa:146,D05228
hsa:154,D03759
hsa:152,D05119
hsa:1128,D10545
hsa:150,D02972
hsa:4988,D10375
hsa:3061,D10082
hsa:1133,D01359
hsa:3357,D00563
hsa:146,D08064
hsa:4988,D08597
hsa:5737,D02719
hsa:1128,D01165
hsa:134,D02300
hsa:135,D03120
hsa:3269,D01654
hsa:1813,D02675
hsa:1128,D00720
hsa:1133,D08209
hsa:2864,D10567
hsa:154,D05792
hsa:1128,D01987
hsa:1131,D01463
hsa:146,D08444
hsa:155,D03502
hsa:154,D06014
hsa:1815,D05891
hsa:146,D09842
hsa:153,D00634
hsa:3269,D08305
hsa:3356,D10495
hsa:151,D00757
hsa:152,D02109
hsa:3269,D04445
hsa:3274,D05699
hsa:147,D08253
hsa:3356,D07307
hsa:153,D01847
hsa:151,D00607
hsa:7201,D02007
hsa:1813,D02213
hsa:1813,D05340
hsa:154,D10220
hsa:1813,D01051
hsa:3269,D03360
hsa:1129,D00723
hsa:3274,D01187
hsa:146,D01444
hsa:3358,D07945
hsa:1128,D08325
hsa:151,D04514
hsa:3358,D05829
hsa:1129,D04868
hsa:152,D01008
hsa:1129,D02070
hsa:151,D03672
hsa:153,D00600
hsa:3062,D10082
hsa:1131,D04434
hsa:154,D00513
hsa:154,D07608
hsa:3269,D01460
hsa:3355,D10424
hsa:3357,D00270
hsa:4988,D08123
hsa:2798,D06247
hsa:1131,D03970
hsa:4986,D01879
hsa:3269,D07403
hsa:1128,D02071
hsa:1128,D01600
hsa:1132,D01976
hsa:1131,D03711
hsa:846,D06020
hsa:1129,D02200
hsa:155,D09344
hsa:1131,D08638
hsa:146,D00255
hsa:56413,D05085
hsa:2550,D05621
hsa:1128,D08441
hsa:155,D04889
hsa:153,D01952
hsa:3357,D02577
hsa:4988,D10811
hsa:154,D03170
hsa:146,D00610
hsa:147,D00076
hsa:154,D00076
hsa:1133,D01946
hsa:148,D01307
hsa:155,D08449
hsa:3269,D08587
hsa:154,D07590
hsa:134,D05429
hsa:5739,D02720
hsa:147,D02537
hsa:1812,D04097
hsa:3269,D07679
hsa:153,D05689
hsa:5732,D00419
hsa:5737,D01964
hsa:4988,D07864
hsa:1133,D01175
hsa:148,D04018
hsa:150,D05689
hsa:886,D03443
hsa:1128,D07820
hsa:1813,D03494
hsa:151,D00095
hsa:185,D02082
hsa:5739,D02721
hsa:2862,D03216
hsa:1812,D07065
hsa:151,D09819
hsa:155,D02765
hsa:150,D11056
hsa:150,D08511
hsa:3350,D10184
hsa:1268,D05099
hsa:1132,D08426
hsa:4159,D05827
hsa:3356,D02680
hsa:153,D02349
hsa:4988,D05631
hsa:146,D00076
hsa:2798,D06248
hsa:1812,D07686
hsa:135,D03898
hsa:150,D08362
hsa:148,D02568
hsa:1128,D08426
hsa:147,D01952
hsa:154,D01952
hsa:185,D08865
hsa:1131,D00540
hsa:148,D07833
hsa:10800,D00529
hsa:150,D00605
hsa:147,D00679
hsa:154,D02151
hsa:2862,D04497
hsa:11255,D03518
hsa:146,D08207
hsa:153,D02389
hsa:147,D08064
hsa:154,D03587
hsa:1813,D01939
hsa:1128,D07511
hsa:3274,D00422
hsa:3351,D02824
hsa:4988,D02941
hsa:150,D02109
hsa:1814,D09397
hsa:1132,D02247
hsa:148,D01020
hsa:155,D02109
hsa:4986,D06342
hsa:1133,D06192
hsa:2798,D02116
hsa:1131,D00789
hsa:152,D08683
hsa:3269,D05196
hsa:1133,D01976
hsa:155,D06162
hsa:3360,D10152
hsa:1131,D08160
hsa:4986,D06405
hsa:151,D07461
hsa:3357,D08297
hsa:4986,D07113
hsa:1132,D08441
hsa:4988,D08248
hsa:1131,D07513
hsa:150,D02268
hsa:10203,D10663
hsa:2642,D11359
hsa:1813,D01548
hsa:147,D01571
hsa:148,D00308
hsa:3274,D01467
hsa:3362,D06623
hsa:1131,D04970
hsa:1131,D05452
hsa:147,D02149
hsa:154,D02149
hsa:1813,D00799
hsa:1131,D03814
hsa:64805,D01028
hsa:154,D08525
hsa:1131,D01002
hsa:153,D02342
hsa:1813,D00426
hsa:147,D07905
hsa:154,D02389
hsa:2912,D09949
hsa:4986,D08246
hsa:1813,D09366
hsa:1133,D05703
hsa:2798,D08241
hsa:1813,D02645
hsa:4985,D08249
hsa:148,D05395
hsa:6915,D09774
hsa:1131,D02069
hsa:136,D08646
hsa:3269,D07532
hsa:3269,D04979
hsa:1129,D08160
hsa:134,D08647
hsa:148,D02349
hsa:151,D00270
hsa:1813,D05682
hsa:1815,D03891
hsa:1129,D01007
hsa:3358,D02995
hsa:1131,D01165
hsa:147,D01469
hsa:153,D08598
hsa:154,D01469
hsa:134,D01771
hsa:3351,D04264
hsa:135,D07603
hsa:3269,D00668
hsa:4988,D10479
hsa:1813,D08339
hsa:10203,D10662
hsa:1131,D00481
hsa:148,D05648
hsa:152,D00514
hsa:148,D07931
hsa:1128,D02064
hsa:3350,D02568
hsa:2693,D03373
hsa:147,D05649
hsa:154,D05649
hsa:2492,D06457
hsa:3356,D01902
hsa:3274,D01131
hsa:56413,D06140
hsa:1128,D02212
hsa:3352,D05740
hsa:155,D03759
hsa:1128,D09402
hsa:3269,D09570
hsa:2692,D09015
hsa:1813,D08558
hsa:140,D10971
hsa:1129,D07302
hsa:150,D00514
hsa:3356,D00789
hsa:1131,D00525
hsa:4988,D06268
hsa:1129,D08441
hsa:3269,D00662
hsa:1132,D00232
hsa:1131,D07951
hsa:148,D00124
hsa:1128,D04057
hsa:1131,D03264
hsa:1132,D01538
hsa:3356,D05340
hsa:3356,D06632
hsa:5731,D02723
hsa:150,D07795
hsa:3269,D06012
hsa:10800,D02384
hsa:1133,D05628
hsa:3274,D00295
hsa:1131,D07078
hsa:147,D02910
hsa:185,D00400
hsa:148,D08966
hsa:146,D01830
hsa:4988,D04716
hsa:146,D00511
hsa:1813,D03534
hsa:554,D08571
hsa:1132,D07083
hsa:624,D08937
hsa:3351,D00674
hsa:150,D09842
hsa:152,D07795
hsa:148,D08271
hsa:4988,D01177
hsa:146,D00996
hsa:1128,D01002
hsa:148,D00095
hsa:147,D01224
hsa:1132,D03711
hsa:150,D01008
hsa:154,D01224
hsa:3351,D07838
hsa:146,D00308
hsa:135,D01771
hsa:1132,D03858
hsa:146,D02774
hsa:10203,D09601
hsa:148,D09794
hsa:150,D05228
hsa:155,D02374
hsa:153,D00485
hsa:3356,D08099
hsa:148,D01347
hsa:148,D08614
hsa:1133,D02417
hsa:153,D01795
hsa:155,D01806
hsa:1132,D08418
hsa:1129,D00721
hsa:3350,D04611
hsa:3356,D09876
hsa:64805,D07729
hsa:3269,D01117
hsa:1129,D03276
hsa:1129,D07079
hsa:1133,D07070
hsa:1812,D02680
hsa:1133,D08395
hsa:1128,D08419
hsa:4988,D01383
hsa:134,D00371
hsa:846,D08991
hsa:4988,D05632
hsa:1132,D08209
hsa:152,D03672
hsa:147,D00819
hsa:1128,D08389
hsa:148,D00996
hsa:4988,D00839
hsa:148,D00680
hsa:154,D00686
hsa:6915,D05727
hsa:1132,D06061
hsa:1132,D10989
hsa:151,D08192
hsa:150,D01347
hsa:3269,D08353
hsa:151,D08487
hsa:3356,D02671
hsa:6753,D10147
hsa:1131,D08426
hsa:1133,D01318
hsa:2693,D09982
hsa:1129,D08837
hsa:1129,D05478
hsa:4543,D09388
hsa:1813,D05124
hsa:1129,D08389
hsa:150,D00996
hsa:1133,D01538
hsa:147,D08366
hsa:153,D07590
hsa:6753,D11192
hsa:5733,D01891
hsa:1131,D00765
hsa:146,D03887
hsa:3351,D08485
hsa:4988,D08234
hsa:552,D00366
hsa:148,D01571
hsa:1129,D01103
hsa:1813,D07868
hsa:1813,D05010
hsa:1129,D10978
hsa:148,D01369
hsa:148,D01692
hsa:152,D04883
hsa:1133,D05535
hsa:1812,D02676
hsa:9568,D00058
hsa:1128,D04970
hsa:151,D08368
hsa:153,D00644
hsa:6752,D11192
hsa:3354,D05523
hsa:3269,D07543
hsa:3358,D09819
hsa:1128,D07513
hsa:6915,D03642
hsa:146,D01307
hsa:1131,D01315
hsa:146,D04531
hsa:146,D08684
hsa:1129,D09402
hsa:3269,D09705
hsa:1813,D02676
hsa:1133,D04434
hsa:147,D01020
hsa:4160,D06569
hsa:3351,D03014
hsa:1129,D01955
hsa:153,D08106
hsa:1129,D02064
hsa:1133,D03970
hsa:3350,D04683
hsa:147,D01019
hsa:3357,D05015
hsa:3356,D01164
hsa:3357,D02675
hsa:1131,D01103
hsa:3363,D00681
hsa:1132,D08160
hsa:150,D02034
hsa:2492,D04429
hsa:146,D01573
hsa:1813,D08456
hsa:1129,D10546
hsa:1128,D04434
hsa:146,D01952
hsa:3357,D02686
hsa:6915,D01896
hsa:1129,D09819
hsa:152,D01277
hsa:146,D08449
hsa:155,D01512
hsa:4985,D05007
hsa:151,D04375
hsa:1129,D01118
hsa:1131,D00716
hsa:3269,D03622
hsa:4985,D10812
hsa:2798,D09400
hsa:150,D00680
hsa:152,D05648
hsa:151,D01573
hsa:148,D04184
hsa:2492,D06269
hsa:1133,D08419
hsa:1268,D05731
hsa:1909,D01227
hsa:146,D00819
hsa:5739,D08628
hsa:3269,D07854
hsa:3357,D00820
hsa:153,D02358
hsa:3269,D03693
hsa:3352,D07700
hsa:3356,D02688
hsa:155,D00095
hsa:154,D02359
hsa:3356,D01477
hsa:6752,D06495
hsa:1813,D00987
hsa:1128,D01315
hsa:147,D01171
hsa:1815,D09886
hsa:3269,D10510
hsa:134,D06103
hsa:3352,D00415
hsa:1813,D02208
hsa:146,D02349
hsa:150,D04018
hsa:1128,D05360
hsa:3269,D06376
hsa:146,D04532
hsa:152,D05466
hsa:1132,D07477
hsa:3358,D02893
hsa:4986,D00837
hsa:147,D00680
hsa:4986,D08248
hsa:3356,D04320
hsa:2692,D02117
hsa:146,D05637
hsa:9568,D08861
hsa:146,D01163
hsa:1813,D00308
hsa:6752,D02250
hsa:5732,D10966
hsa:1132,D01231
hsa:1133,D00232
hsa:4161,D05827
hsa:1813,D08693
hsa:2798,D04302
hsa:3269,D01592
hsa:1395,D03592
hsa:1129,D07083
hsa:150,D08216
hsa:146,D07560
hsa:1813,D08636
hsa:151,D02149
hsa:4988,D03580
hsa:4988,D11291
hsa:1133,D01987
hsa:147,D01445
hsa:146,D00600
hsa:3351,D05523
hsa:6754,D05812
hsa:140,D08646
hsa:146,D00485
hsa:150,D00563
hsa:154,D07534
hsa:6869,D09378
hsa:134,D02017
hsa:6752,D10566
hsa:151,D02407
hsa:1128,D01201
hsa:3357,D02688
hsa:4988,D10812
hsa:2798,D08649
hsa:152,D00996
hsa:2798,D08635
hsa:1812,D10495
hsa:3356,D02363
hsa:3269,D01477
hsa:148,D00997
hsa:148,D08684
hsa:6869,D02968
hsa:3269,D00454
hsa:3358,D02767
hsa:1133,D08160
hsa:2798,D08027
hsa:2149,D09766
hsa:2492,D06459
hsa:6752,D10497
hsa:152,D02972
hsa:6752,D06281
hsa:147,D01386
hsa:154,D01386
hsa:5737,D00081
hsa:1128,D01118
hsa:153,D01390
hsa:1128,D01077
hsa:3269,D00480
hsa:3356,D09977
hsa:148,D02910
hsa:150,D07931
hsa:152,D07833
hsa:1133,D03814
hsa:147,D08578
hsa:1133,D01002
hsa:147,D00608
hsa:1129,D05035
hsa:5739,D06213
hsa:151,D05688
hsa:3269,D07522
hsa:3352,D02826
hsa:1812,D03556
hsa:1129,D01315
hsa:1131,D05703
hsa:3269,D04055
hsa:154,D07182
hsa:4159,D09801
hsa:4988,D00845
hsa:152,D00605
hsa:1813,D02644
hsa:151,D00776
hsa:1128,D00719
hsa:1129,D03824
hsa:1129,D07349
hsa:6915,D06077
hsa:135,D05711
hsa:1812,D02604
hsa:1268,D09363
hsa:6869,D03221
hsa:3350,D10185
hsa:1131,D03088
hsa:9568,D09791
hsa:146,D08192
hsa:3269,D00659
hsa:150,D08482
hsa:3356,D02357
hsa:148,D00507
hsa:150,D05649
hsa:1812,D09887
hsa:134,D08989
hsa:151,D01347
hsa:155,D05649
hsa:1132,D07081
hsa:154,D07463
hsa:148,D05466
hsa:1131,D01521
hsa:3973,D05258
hsa:1131,D08389
hsa:5732,D10965
hsa:1815,D06623
hsa:3274,D00440
hsa:3358,D04320
hsa:152,D08216
hsa:5731,D02705
hsa:6751,D07431
hsa:1133,D03264
hsa:148,D01017
hsa:1910,D01227
hsa:185,D05246
hsa:4988,D00844
hsa:1129,D06217
hsa:1131,D05628
hsa:147,D01024
hsa:1131,D08425
hsa:1131,D07823
hsa:3356,D08456
hsa:3356,D02836
hsa:10800,D08408
hsa:1131,D07804
hsa:3352,D02825
hsa:134,D00691
hsa:135,D01453
hsa:151,D01358
hsa:155,D01277
hsa:3269,D07617
hsa:3269,D00774
hsa:151,D02349
hsa:1128,D07951
hsa:147,D08212
hsa:147,D08368
hsa:1132,D01871
hsa:154,D08368
hsa:1129,D01077
hsa:1909,D08517
hsa:1129,D01521
hsa:1812,D08693
hsa:148,D04026
hsa:1814,D07316
hsa:1813,D00780
hsa:1813,D00784
hsa:150,D08685
hsa:153,D00996
hsa:3350,D00681
hsa:6344,D02021
hsa:1813,D08235
hsa:147,D01333
hsa:1813,D09954
hsa:146,D02901
hsa:6869,D06574
hsa:152,D00281
hsa:1813,D02022
hsa:3269,D05664
hsa:1816,D03891
hsa:146,D07550
hsa:1812,D01044
hsa:3360,D11220
hsa:1133,D07084
hsa:1129,D01946
hsa:154,D07489
hsa:1813,D00403
hsa:1812,D02004
hsa:1131,D02417
hsa:152,D08207
hsa:153,D06646
hsa:3269,D02419
hsa:148,D08064
hsa:3269,D07198
hsa:150,D01952
hsa:4986,D02104
hsa:147,D02774
hsa:1128,D04034
hsa:154,D00602
hsa:5739,D03522
hsa:10800,D02739
hsa:1813,D05690
hsa:1813,D07310
hsa:3350,D01992
hsa:153,D01958
hsa:4986,D00838
hsa:1128,D07084
hsa:2492,D04430
hsa:1129,D01491
hsa:148,D05206
hsa:3269,D09838
hsa:1131,D08384
hsa:1132,D00113
hsa:5737,D10441
hsa:1131,D01451
hsa:3269,D02090
hsa:154,D05277
hsa:4986,D03618
hsa:3357,D07945
hsa:554,D01855
hsa:154,D02765
hsa:151,D01017
hsa:1133,D09752
hsa:3357,D04320
hsa:150,D00485
hsa:1128,D09819
hsa:3352,D08397
hsa:1129,D08395
hsa:1133,D01955
hsa:4988,D10349
hsa:155,D00599
hsa:4988,D05217
hsa:2798,D01831
hsa:1128,D01648
hsa:10800,D02849
hsa:624,D04492
hsa:146,D00509
hsa:1128,D06331
hsa:2740,D10025
hsa:5739,D10430
hsa:1132,D04970
hsa:1129,D08425
hsa:1816,D09887
hsa:6915,D07140
hsa:154,D02150
hsa:147,D04026
hsa:154,D04026
hsa:1814,D00454
hsa:4988,D05048
hsa:155,D07537
hsa:153,D09842
hsa:1816,D09886
hsa:5737,D03399
hsa:4988,D07285
hsa:150,D02076
hsa:3274,D01861
hsa:151,D05637
hsa:3360,D05471
hsa:1128,D08209
hsa:1133,D00720
hsa:1128,D00787
hsa:4988,D03405
hsa:1813,D02604
hsa:1813,D02035
hsa:3274,D04680
hsa:147,D01485
hsa:6755,D07431
hsa:151,D11321
hsa:148,D07834
hsa:1813,D02162
hsa:3352,D00674
hsa:1129,D07477
hsa:1131,D00524
hsa:1129,D00787
hsa:1132,D00778
hsa:1814,D08235
hsa:1813,D02605
hsa:2693,D10562
hsa:1814,D00784
hsa:2642,D00116
hsa:155,D05648
hsa:4986,D00836
hsa:6755,D10147
hsa:148,D06394
hsa:1813,D07312
hsa:2492,D06400
hsa:10203,D10928
hsa:155,D07183
hsa:152,D08192
hsa:153,D02765
hsa:4988,D07286
hsa:1128,D03011
hsa:1128,D03711
hsa:146,D00679
hsa:1812,D00633
hsa:1901,D11215
hsa:153,D03490
hsa:154,D03891
hsa:146,D01019
hsa:83756,D08862
hsa:3269,D07862
hsa:4988,D00835
hsa:155,D05879
hsa:146,D01020
hsa:151,D00605
hsa:148,D08115
hsa:135,D02017
hsa:151,D04765
hsa:155,D01573
hsa:153,D08449
hsa:152,D07834
hsa:1813,D00633
hsa:3269,D00672
hsa:59340,D10736
hsa:1132,D08425
hsa:185,D00627
hsa:2862,D05053
hsa:3269,D01317
hsa:155,D01017
hsa:151,D05649
hsa:147,D08257
hsa:1129,D02876
hsa:151,D00604
hsa:1909,D07741
hsa:4988,D00840
hsa:151,D02109
hsa:152,D00757
hsa:3352,D07838
hsa:1813,D07101
hsa:1812,D08691
hsa:146,D07833
hsa:1128,D03858
hsa:3358,D04034
hsa:1131,D05360
hsa:6751,D05812
hsa:2740,D11360
hsa:146,D08115
hsa:3350,D01537
hsa:3358,D05523
hsa:150,D00997
hsa:147,D00600
hsa:150,D04883
hsa:1131,D01004
hsa:154,D00600
hsa:151,D04018
hsa:154,D07377
hsa:1813,D01505
hsa:1269,D10915
hsa:1131,D10546
hsa:148,D00608
hsa:1813,D08132
hsa:1132,D09402
hsa:1131,D03979
hsa:155,D09794
hsa:3355,D10338
hsa:1132,D02212
hsa:64805,D08594
hsa:153,D04888
hsa:150,D00776
hsa:155,D02349
hsa:154,D01373
hsa:4988,D08249
hsa:135,D10362
hsa:1131,D08595
hsa:153,D00124
hsa:3350,D02995
hsa:1128,D01538
hsa:5745,D06546
hsa:3358,D02357
hsa:153,D03502
hsa:153,D07182
hsa:6870,D11345
hsa:3269,D02067
hsa:1133,D10180
hsa:2798,D02369
hsa:150,D03887
hsa:151,D08685
hsa:1131,D08325
hsa:4988,D00482
hsa:146,D01691
hsa:6753,D07431
hsa:1813,D09887
hsa:3269,D07400
hsa:1131,D07226
hsa:1132,D01521
hsa:148,D08365
hsa:3274,D05306
hsa:1133,D07303
hsa:147,D08982
hsa:154,D08982
hsa:64805,D00769
hsa:148,D01290
hsa:1813,D09886
hsa:1813,D01860
hsa:153,D01573
hsa:153,D01504
hsa:1909,D07171
hsa:1128,D01463
hsa:3269,D08105
hsa:154,D08629
hsa:151,D00281
hsa:3356,D05523
hsa:151,D05228
hsa:4988,D03618
hsa:2798,D03267
hsa:1132,D03276
hsa:154,D04953
hsa:5021,D07228
hsa:154,D04190
hsa:1132,D00765
hsa:1128,D00465
hsa:148,D05649
hsa:3269,D00300
hsa:3355,D07701
hsa:1814,D09887
hsa:146,D08106
hsa:147,D01023
hsa:146,D08358
hsa:147,D08206
hsa:154,D08206
hsa:554,D06672
hsa:5734,D10638
hsa:10800,D02851
hsa:1133,D05012
hsa:2912,D10896
hsa:1132,D01000
hsa:4986,D05907
hsa:5732,D09614
hsa:153,D02614
hsa:153,D00635
hsa:1128,D01451
hsa:153,D07183
hsa:1129,D01231
hsa:151,D00485
hsa:154,D00483
hsa:3269,D08293
hsa:2912,D09008
hsa:1132,D00720
hsa:147,D00996
hsa:1128,D03276
hsa:154,D00996
hsa:10800,D02732
hsa:150,D00604
hsa:1128,D00765
hsa:186,D02014
hsa:147,D01347
hsa:3360,D02092
hsa:1813,D01522
hsa:152,D02349
hsa:147,D09794
hsa:154,D09794
hsa:1813,D05804
hsa:146,D05466
hsa:3269,D09747
hsa:1131,D10545
hsa:1813,D00059
hsa:1131,D07079
hsa:1816,D00633
hsa:1129,D00138
hsa:147,D08614
hsa:3358,D04148
hsa:552,D02983
hsa:151,D08482
hsa:152,D08982
hsa:1812,D00374
hsa:3269,D03491
hsa:154,D01454
hsa:151,D07834
hsa:3352,D08485
hsa:151,D00507
hsa:151,D02388
hsa:185,D00522
hsa:154,D01512
hsa:4158,D07417
hsa:1128,D07099
hsa:1813,D08035
hsa:1129,D03076
hsa:1131,D06175
hsa:1814,D03214
hsa:3269,D03475
hsa:151,D00789
hsa:3360,D02730
hsa:3356,D04820
hsa:152,D05689
hsa:3356,D00274
hsa:152,D08165
hsa:154,D05832
hsa:1132,D08653
hsa:146,D01277
hsa:3350,D01164
hsa:1132,D07821
hsa:153,D08525
hsa:3269,D01343
hsa:1129,D00717
hsa:152,D11321
hsa:151,D06344
hsa:1129,D00113
hsa:152,D02034
hsa:4988,D07557
hsa:146,D05649
hsa:186,D11142
hsa:3269,D08117
hsa:154,D00603
hsa:3269,D01701
hsa:1133,D01377
hsa:5737,D05642
hsa:4988,D00320
hsa:148,D01965
hsa:147,D02268
hsa:1813,D01105
hsa:4986,D05113
hsa:5724,D01652
hsa:1129,D06192
hsa:152,D01952
hsa:152,D03887
hsa:4988,D00841
hsa:146,D01224
hsa:64805,D08983
hsa:153,D05649
hsa:3269,D06084
hsa:6755,D06281
hsa:148,D07124
hsa:151,D08449
hsa:3274,D00318
hsa:154,D01835
hsa:146,D08362
hsa:3269,D09808
hsa:1813,D02608
hsa:1128,D01297
hsa:1132,D01491
hsa:1133,D07823
hsa:140,D02769
hsa:1814,D02676
hsa:4986,D05667
hsa:4988,D00847
hsa:554,D02983
hsa:1131,D07302
hsa:150,D08284
hsa:1133,D01815
hsa:3350,D02688
hsa:4988,D07832
hsa:152,D00405
hsa:64805,D05597
hsa:1815,D00454
hsa:3355,D07700
hsa:154,D01182
hsa:1131,D01875
hsa:150,D01603
hsa:3350,D09366
hsa:1131,D07667
hsa:155,D03177
hsa:1129,D08426
hsa:4986,D08247
hsa:147,D00757
hsa:1131,D05478
hsa:151,D09794
hsa:1814,D08132
hsa:3356,D09997
hsa:3274,D04098
hsa:1129,D09752
hsa:146,D08560
hsa:151,D08029
hsa:1131,D06015
hsa:152,D08368
hsa:155,D02834
hsa:6869,D08988
hsa:1129,D02603
hsa:5731,D00180
hsa:1128,D06330
hsa:1131,D08157
hsa:155,D01454
hsa:1813,D08549
hsa:3274,D03503
hsa:1131,D07099
hsa:3356,D10355
hsa:146,D05206
hsa:146,D02910
hsa:3356,D05395
hsa:1128,D03088
hsa:150,D00757
hsa:155,D01504
hsa:1129,D05452
hsa:151,D07795
hsa:147,D00095
hsa:154,D00095
hsa:154,D11009
hsa:150,D08206
hsa:3352,D00451
hsa:153,D06622
hsa:6915,D01128
hsa:3973,D02692
hsa:2913,D09008
hsa:3352,D05523
hsa:4985,D00847
hsa:5739,D01337
hsa:1131,D02603
hsa:5734,D00419
hsa:155,D08443
hsa:146,D08624
hsa:134,D06104
hsa:2798,D08113
hsa:1132,D10546
hsa:152,D00604
hsa:153,D05587
hsa:154,D08945
hsa:4988,D08195
hsa:150,D02569
hsa:552,D07748
hsa:153,D00598
hsa:1132,D09819
hsa:3269,D02327
hsa:152,D02388
hsa:2912,D03966
hsa:1128,D06192
hsa:2693,D09981
hsa:3356,D09819
hsa:4160,D09937
hsa:1813,D09997
hsa:3350,D04533
hsa:1813,D11169
hsa:1132,D01987
hsa:1131,D07759
hsa:1131,D04057
hsa:150,D02407
hsa:153,D04710
hsa:4988,D08273
hsa:1812,D02641
hsa:1813,D00800
hsa:1909,D04128
hsa:147,D08966
hsa:1128,D00782
hsa:1131,D00465
hsa:1813,D02004
hsa:3356,D08508
hsa:3360,D07701
hsa:148,D06380
hsa:1813,D08385
hsa:1131,D03654
hsa:1133,D08638
hsa:6752,D09988
hsa:140,D11128
hsa:2798,D05599
hsa:153,D00095
hsa:1131,D01003
hsa:152,D04124
hsa:1131,D08441
hsa:80834,D08836
hsa:1132,D04034
hsa:146,D01290
hsa:147,D00610
hsa:1813,D05832
hsa:147,D05637
hsa:1133,D10181
hsa:3354,D07701
hsa:1133,D01118
hsa:152,D04223
hsa:59340,D10735
hsa:1131,D02071
hsa:1131,D01600
hsa:1133,D00782
hsa:3269,D00270
hsa:147,D04018
hsa:154,D04018
hsa:3363,D02357
hsa:1129,D08157
hsa:6752,D07431
hsa:5731,D02073
hsa:5732,D09968
hsa:1128,D08837
hsa:3269,D01478
hsa:4988,D08623
hsa:151,D08614
hsa:4988,D03197
hsa:1131,D00113
hsa:1132,D08384
hsa:1131,D01175
hsa:146,D01171
hsa:134,D02964
hsa:154,D01026
hsa:4986,D02111
hsa:3269,D07406
hsa:3269,D08432
hsa:4988,D10188
hsa:4988,D08045
hsa:1813,D02682
hsa:1813,D02613
hsa:153,D02150
hsa:1128,D00270
hsa:10203,D10673
hsa:151,D00680
hsa:151,D00996
hsa:155,D07182
hsa:153,D01903
hsa:1813,D01898
hsa:3356,D00458
hsa:155,D00602
hsa:3360,D05941
hsa:155,D00124
hsa:3356,D02340
hsa:1133,D01491
hsa:150,D00124
hsa:6915,D04500
hsa:4986,D07904
hsa:152,D08029
hsa:83756,D08836
hsa:1133,D05035
hsa:151,D02972
hsa:1813,D01348
hsa:3269,D03274
hsa:185,D05801
hsa:1131,D01871
hsa:1815,D00559
hsa:3269,D07853
hsa:3352,D08255
hsa:1129,D00765
hsa:1812,D00059
hsa:4985,D02104
hsa:135,D10174
hsa:146,D08239
hsa:150,D04034
hsa:152,D05087
hsa:148,D00757
hsa:887,D01631
hsa:136,D02769
hsa:3360,D06396
hsa:134,D05125
hsa:1133,D05276
hsa:4988,D08101
hsa:1132,D05535
hsa:148,D00743
hsa:1909,D10135
hsa:4160,D05827
hsa:6915,D05970
hsa:3357,D01902
hsa:155,D04190
hsa:3269,D06623
hsa:4889,D08026
hsa:1813,D07460
hsa:1131,D08209
hsa:3269,D01096
hsa:10203,D09392
hsa:1133,D06217
hsa:1395,D03591
hsa:153,D01444
hsa:152,D08126
hsa:1133,D08837
hsa:147,D07833
hsa:4543,D02689
hsa:2798,D04361
hsa:148,D08322
hsa:155,D00513
hsa:1131,D00999
hsa:151,D08611
hsa:1131,D03011
hsa:3269,D07547
hsa:2798,D11351
hsa:1131,D01006
hsa:9568,D00241
hsa:150,D08982
hsa:153,D01026
hsa:4985,D06342
hsa:1133,D03858
hsa:1813,D00796
hsa:152,D11320
hsa:1133,D07301
hsa:148,D00454
hsa:151,D08165
hsa:1813,D07309
hsa:1814,D03892
hsa:1128,D07302
hsa:154,D08090
hsa:154,D09843
hsa:1129,D06061
hsa:1129,D10989
hsa:153,D00432
hsa:4986,D00843
hsa:1813,D01130
hsa:3269,D02091
hsa:185,D08864
hsa:148,D08201
hsa:4988,D01340
hsa:3356,D10309
hsa:1132,D01077
hsa:4988,D08046
hsa:148,D00511
hsa:3269,D07765
hsa:3350,D09699
hsa:4985,D07113
hsa:1129,D08653
hsa:3269,D01172
hsa:1812,D08385
hsa:3269,D04034
hsa:146,D08212
hsa:146,D08368
hsa:3269,D01192
hsa:3356,D01624
hsa:4988,D02104
hsa:1132,D08395
hsa:3269,D08497
hsa:10800,D00411
hsa:1268,D00306
hsa:153,D04120
hsa:2798,D00990
hsa:1813,D07718
hsa:1128,D00715
hsa:3269,D07734
hsa:553,D02983
hsa:1129,D01002
hsa:1131,D00778
hsa:3358,D06613
hsa:10203,D09600
hsa:3352,D02824
hsa:3269,D03102
hsa:152,D05228
hsa:1132,D09752
hsa:150,D01386
hsa:3269,D08648
hsa:3269,D03620
hsa:152,D03274
hsa:152,D00095
hsa:3269,D00789
hsa:5745,D10885
hsa:154,D04625
hsa:3356,D02686
hsa:4160,D09801
hsa:148,D03415
hsa:3351,D08255
hsa:148,D01022
hsa:3358,D05395
hsa:4986,D08101
hsa:1910,D10135
hsa:1813,D02634
hsa:4988,D01500
hsa:3360,D09205
hsa:1131,D01007
hsa:146,D07834
hsa:185,D11142
hsa:6869,D10391
hsa:4161,D09801
hsa:148,D08366
hsa:154,D01906
hsa:4988,D08343
hsa:1129,D02246
hsa:1815,D04097
hsa:4986,D00729
hsa:3269,D07958
hsa:1128,D05628
hsa:3269,D07860
hsa:10800,D02741
hsa:185,D00626
hsa:4985,D01340
hsa:1813,D08226
hsa:154,D07183
hsa:148,D02901
hsa:1129,D04034
hsa:3062,D09964
hsa:148,D02109
hsa:1132,D08837
hsa:146,D08029
hsa:3269,D07900
hsa:135,D09991
hsa:3350,D02680
hsa:153,D03879
hsa:3350,D01321
hsa:3351,D02211
hsa:3351,D04533
hsa:1128,D05452
hsa:2492,D08895
hsa:1133,D00789
hsa:148,D07560
hsa:150,D01358
hsa:1813,D00726
hsa:3362,D10747
hsa:151,D00514
hsa:2798,D07259
hsa:150,D01017
hsa:1128,D08160
hsa:1812,D07460
hsa:148,D07906
hsa:150,D01163
hsa:185,D08146
hsa:152,D07461
hsa:1129,D08595
hsa:3269,D01801
hsa:134,D00227
hsa:2692,D08509
hsa:148,D01386
hsa:155,D08851
hsa:1133,D01077
hsa:135,D02769
hsa:1133,D00147
hsa:5739,D10703
hsa:151,D08362
hsa:3269,D03963
hsa:1128,D05703
hsa:1128,D02417
hsa:1133,D01231
hsa:153,D08368
hsa:4988,D03156
hsa:1129,D01648
hsa:153,D01369
hsa:153,D01471
hsa:151,D01952
hsa:1814,D10355
hsa:153,D08600
hsa:185,D04040
hsa:1131,D03824
hsa:152,D04026
hsa:1128,D03087
hsa:152,D08358
hsa:151,D04223
hsa:4988,D07904
hsa:154,D05691
hsa:147,D00511
hsa:150,D06671
hsa:185,D04126
hsa:155,D00483
hsa:4988,D08473
hsa:150,D01019
hsa:2740,D06404
hsa:4986,D03197
hsa:1133,D00481
hsa:7201,D06120
hsa:1132,D04116
hsa:154,D00685
hsa:3269,D07533
hsa:151,D03702
hsa:154,D08387
hsa:3269,D06021
hsa:1812,D07946
hsa:799,D09601
hsa:1128,D10180
hsa:1131,D05535
hsa:3357,D06343
hsa:3269,D03854
hsa:185,D10556
hsa:553,D07227
hsa:155,D08598
hsa:4988,D00842
hsa:4986,D02227
hsa:151,D04034
hsa:1129,D10181
hsa:150,D08684
hsa:154,D08093
hsa:3350,D02577
hsa:153,D03195
hsa:3350,D05804
hsa:155,D04026
hsa:3356,D02675
hsa:1816,D02676
hsa:4986,D07863
hsa:2864,D10336
hsa:6755,D11192
hsa:148,D08192
hsa:1813,D08148
hsa:1129,D00147
hsa:3269,D07197
hsa:1128,D00999
hsa:1813,D02354
hsa:147,D07775
hsa:5732,D00079
hsa:1813,D04097
hsa:154,D09318
hsa:1133,D08441
hsa:148,D03887
hsa:3269,D02148
hsa:147,D08365
hsa:4986,D10890
hsa:886,D02693
hsa:3356,D07756
hsa:553,D08571
hsa:4988,D05111
hsa:153,D02338
hsa:154,D00684
hsa:147,D07834
hsa:1133,D00716
hsa:5732,D03269
hsa:154,D02396
hsa:1128,D03076
hsa:1129,D03087
hsa:1131,D01000
hsa:150,D08205
hsa:1132,D01002
hsa:1129,D07081
hsa:4988,D07929
hsa:1813,D10329
hsa:155,D09732
hsa:154,D08570
hsa:150,D04765
hsa:155,D10433
hsa:1128,D01175
hsa:1129,D01987
hsa:3274,D06355
hsa:1131,D07070
hsa:1269,D05099
hsa:150,D01205
hsa:3269,D01713
hsa:3269,D07889
hsa:153,D08206
hsa:1128,D07821
hsa:3357,D11056
hsa:1128,D07083
hsa:3350,D08385
hsa:135,D04006
hsa:3356,D05829
hsa:152,D00997
hsa:151,D07905
hsa:154,D01635
hsa:1132,D01318
hsa:152,D08362
hsa:154,D01360
hsa:154,D04954
hsa:5737,D01452
hsa:154,D01263
hsa:155,D07624
hsa:1133,D07511
hsa:5739,D10628
hsa:147,D07906
hsa:134,D08646
hsa:1814,D04097
hsa:1814,D06623
hsa:2913,D10896
hsa:1129,D05360
hsa:1131,D00232
hsa:2740,D09889
hsa:1133,D08426
hsa:151,D00563
hsa:154,D00687
hsa:147,D05689
hsa:154,D05689
hsa:554,D00291
hsa:1129,D02417
hsa:554,D00101
hsa:10203,D09391
hsa:148,D00600
hsa:2913,D09949
hsa:5732,D01891
hsa:153,D06329
hsa:3274,D07072
hsa:3356,D04034
hsa:11255,D09871
hsa:1129,D00720
hsa:146,D00095
hsa:2693,D02040
hsa:3269,D07482
hsa:154,D03892
hsa:148,D08029
hsa:153,D01691
hsa:4157,D05827
hsa:153,D03177
hsa:4988,D06007
hsa:147,D07465
hsa:152,D00124
hsa:154,D07465
hsa:154,D03198
hsa:1132,D03824
hsa:148,D01163
hsa:154,D01589
hsa:3352,D04533
hsa:146,D08220
hsa:152,D05649
hsa:153,D01512
hsa:153,D01492
hsa:134,D05818
hsa:1813,D02612
hsa:7201,D02588
hsa:153,D08284
hsa:1813,D04820
hsa:3269,D00666
hsa:151,D03274
hsa:1132,D01451
hsa:5739,D00106
hsa:1128,D01815
hsa:1128,D10546
hsa:3351,D00676
hsa:151,D00283
hsa:155,D02702
hsa:552,D00101
hsa:146,D06623
hsa:1813,D08341
hsa:1131,D07349
hsa:152,D01386
hsa:1133,D03011
hsa:5724,D02590
hsa:3352,D01973
hsa:1813,D08057
hsa:185,D06010
hsa:1133,D03274
hsa:135,D09003
hsa:10203,D11313
hsa:1131,D10978
hsa:1131,D09819
hsa:150,D08029
hsa:185,D00523
hsa:150,D00607
hsa:150,D08487
hsa:147,D00609
hsa:148,D08207
hsa:1132,D00481
hsa:4988,D08247
hsa:153,D08982
hsa:3269,D10230
hsa:154,D03402
hsa:2912,D08908
hsa:1128,D04479
hsa:1268,D09362
hsa:154,D02066
hsa:3362,D00454
hsa:1133,D07081
hsa:3355,D05523
hsa:150,D07540
hsa:6915,D06280
hsa:1132,D06330
hsa:3269,D00814
hsa:4988,D07132
hsa:3358,D05738
hsa:1132,D00779
hsa:1133,D03076
hsa:1268,D05117
hsa:1132,D08638
hsa:148,D06623
hsa:1132,D00524
hsa:4986,D04649
hsa:1813,D00503
hsa:1133,D01648
hsa:1132,D03970
hsa:3269,D03290
hsa:1132,D00465
hsa:147,D05688
hsa:154,D05688
hsa:3362,D02995
hsa:1814,D09366
hsa:1813,D02666
hsa:147,D01444
hsa:1128,D01955
hsa:154,D01444
hsa:3350,D08397
hsa:2740,D08843
hsa:4988,D03579
hsa:155,D04120
hsa:4544,D08170
hsa:9340,D06053
hsa:147,D00756
hsa:3269,D03166
hsa:5731,D01869
hsa:1813,D00493
hsa:64805,D09608
hsa:1133,D04116
hsa:146,D01333
hsa:4543,D02578
hsa:146,D03415
hsa:1909,D07538
hsa:1128,D01491
hsa:153,D00378
hsa:2915,D04155
hsa:4985,D08246
hsa:147,D08201
hsa:1813,D07835
hsa:150,D02149
hsa:3357,D00789
hsa:3354,D08397
hsa:4988,D11214
hsa:4988,D03860
hsa:1132,D02603
hsa:4986,D10403
hsa:1128,D08425
hsa:151,D07833
hsa:146,D08614
hsa:154,D00688
hsa:1132,D07070
hsa:147,D05648
hsa:1133,D07804
hsa:147,D05228
hsa:154,D05648
hsa:154,D05228
hsa:3269,D07407
hsa:136,D04006
hsa:4158,D09937
hsa:146,D01469
hsa:1133,D02070
hsa:1128,D11098
hsa:1129,D00525
hsa:146,D09794
hsa:1813,D08585
hsa:1815,D00784
hsa:4988,D07809
hsa:185,D00150
hsa:150,D01277
hsa:146,D01887
hsa:4986,D03783
hsa:4988,D02942
hsa:136,D06104
hsa:3350,D09359
hsa:3362,D10710
hsa:147,D01887
hsa:6751,D11192
hsa:154,D02147
hsa:146,D00743
hsa:3269,D07492
hsa:155,D01795
hsa:185,D01922
hsa:150,D00283
hsa:3357,D08397
hsa:148,D08212
hsa:148,D08368
hsa:152,D08284
hsa:1816,D03892
hsa:3269,D07493
hsa:3355,D08397
hsa:3269,D01786
hsa:4988,D03725
hsa:64805,D03359
hsa:1132,D08382
hsa:148,D07905
hsa:3269,D02760
hsa:146,D08201
hsa:3269,D02950
hsa:152,D01573
hsa:1813,D03214
hsa:152,D04018
hsa:1128,D00778
hsa:148,D00076
hsa:147,D01017
hsa:154,D01017
hsa:155,D05345
hsa:1815,D08489
hsa:886,D01113
hsa:147,D00308
hsa:1812,D03891
hsa:3269,D08161
hsa:1128,D01976
hsa:1132,D02071
hsa:1132,D01600
hsa:1128,D06015
hsa:1132,D02246
hsa:5745,D05364
hsa:1132,D00999
hsa:1128,D04087
hsa:3269,D08040
hsa:3358,D03274
hsa:4988,D08246
hsa:1129,D00270
hsa:146,D08662
hsa:1128,D04116
hsa:148,D09784
hsa:3356,D11056
hsa:152,D08449
hsa:2798,D00989
hsa:6755,D10497
hsa:6752,D02108
hsa:146,D05648
hsa:3356,D01485
hsa:1813,D00702
hsa:1131,D00193
hsa:154,D10020
hsa:5732,D06240
hsa:7201,D10594
hsa:5739,D02048
hsa:1132,D03087
hsa:136,D02300
hsa:134,D07603
hsa:150,D11321
hsa:148,D00610
hsa:1813,D08590
hsa:3356,D08385
hsa:151,D05648
hsa:155,D05689
hsa:2798,D09336
hsa:1129,D03264
hsa:155,D05228
hsa:153,D02910
hsa:1131,D01359
hsa:887,D01818
hsa:1132,D05703
hsa:1813,D00791
hsa:3269,D01717
hsa:2550,D00241
hsa:154,D08600
hsa:3269,D08054
hsa:6869,D06293
hsa:155,D08982
hsa:3356,D11169
hsa:146,D01023
hsa:4985,D03783
hsa:3356,D10329
hsa:1132,D01946
hsa:1128,D01521
hsa:1133,D01463
hsa:3356,D05738
hsa:1814,D10364
hsa:3269,D07890
hsa:1395,D03905
hsa:148,D02268
hsa:11255,D09870
hsa:1128,D00147
hsa:148,D00756
hsa:151,D02268
hsa:4988,D10199
hsa:150,D11320
hsa:148,D01444
hsa:1814,D10516
hsa:150,D00405
hsa:155,D08115
hsa:2550,D08861
hsa:154,D07537
hsa:151,D04026
hsa:3358,D08397
hsa:155,D08074
hsa:151,D08358
hsa:1129,D08209
hsa:4988,D00838
hsa:64805,D10824
hsa:153,D07465
hsa:154,D05345
hsa:153,D03880
hsa:1812,D01903
hsa:140,D08647
hsa:1131,D00717
hsa:148,D02537
hsa:147,D08239
hsa:1128,D00789
hsa:146,D00608
hsa:1132,D07084
hsa:64805,D09607
hsa:887,D01858
hsa:1813,D10355
hsa:886,D03442
hsa:3356,D02372
hsa:1132,D07951
hsa:136,D00691
hsa:148,D07874
hsa:1132,D03814
hsa:3350,D06567
hsa:2798,D07665
hsa:6753,D10566
hsa:3352,D03982
hsa:1133,D02247
hsa:152,D00607
hsa:1813,D10516
hsa:1131,D04479
hsa:3355,D01321
hsa:552,D01236
hsa:1128,D00716
hsa:3269,D02599
hsa:1133,D01004
hsa:146,D02568
hsa:3274,D00721
hsa:148,D08257
hsa:5729,D01128
hsa:1129,D03859
hsa:146,D05688
hsa:1815,D00059
hsa:4988,D06342
hsa:4988,D10612
hsa:1132,D06217
hsa:153,D07451
hsa:4988,D03783
hsa:5739,D09994
hsa:3350,D06566
hsa:1128,D03979
hsa:1910,D07538
hsa:154,D09697
hsa:1129,D00481
hsa:1128,D09752
hsa:1813,D02626
hsa:3269,D07458
hsa:1128,D07081
hsa:151,D03887
hsa:1813,D03165
hsa:1813,D00373
hsa:3356,D07701
hsa:3274,D04445
hsa:1133,D03087
hsa:4988,D07113
hsa:146,D04018
hsa:150,D02349
hsa:146,D08569
hsa:1131,D09752
hsa:6754,D07431
hsa:3360,D01994
hsa:153,D07537
hsa:1131,D00723
hsa:1129,D04479
hsa:154,D05718
hsa:147,D01290
hsa:152,D01358
hsa:5732,D09969
hsa:4985,D05111
hsa:3356,D07945
hsa:4988,D00498
hsa:146,D00609
hsa:1133,D02246
hsa:154,D05730
hsa:1813,D00798
hsa:152,D08614
hsa:1129,D07820
hsa:3274,D08495
hsa:1129,D07951
hsa:146,D07775
hsa:1131,D06192
hsa:150,D04124
hsa:4988,D10371
hsa:155,D08318
hsa:148,D00509
hsa:150,D08031
hsa:153,D00603
hsa:153,D03449
hsa:152,D03002
hsa:153,D08078
hsa:155,D02066
hsa:1128,D05012
hsa:4988,D06208
hsa:153,D01906
hsa:146,D08284
hsa:152,D01205
hsa:3356,D07854
hsa:153,D00632
hsa:146,D07465
hsa:1812,D03494
hsa:3269,D00669
hsa:4986,D06395
hsa:1132,D01648
hsa:1131,D10938
hsa:1813,D07065
hsa:3357,D06623
hsa:147,D08569
hsa:152,D08624
hsa:1813,D02995
hsa:5732,D02726
hsa:3358,D00454
hsa:1133,D04970
hsa:3358,D10171
hsa:1132,D02417
hsa:153,D05648
hsa:6755,D10566
hsa:148,D09842
hsa:1813,D00794
hsa:148,D08444
hsa:1813,D07686
hsa:154,D10145
hsa:3350,D06354
hsa:1129,D01004
hsa:1268,D09009
hsa:1133,D10545
hsa:1814,D01176
hsa:4988,D02095
hsa:154,D10219
hsa:146,D00454
hsa:154,D01806
hsa:147,D08662
hsa:3358,D06660
hsa:153,D03729
hsa:1128,D01231
hsa:1814,D01462
hsa:185,D08067
hsa:1132,D02535
hsa:153,D00483
hsa:3269,D07483
hsa:150,D03702
hsa:4988,D08122
hsa:1813,D00792
hsa:1813,D07102
hsa:1813,D07870
hsa:135,D00045
hsa:1129,D01165
hsa:146,D04026
hsa:151,D01008
hsa:5021,D07475
hsa:150,D08683
hsa:146,D06234
hsa:151,D11320
hsa:1909,D07682
hsa:1132,D00270
hsa:148,D08358
hsa:154,D08598
hsa:4988,D01879
hsa:1128,D01532
hsa:1129,D08382
hsa:150,D08368
hsa:154,D04120
hsa:1813,D01462
hsa:152,D02268
hsa:6752,D10147
hsa:6869,D11065
hsa:1812,D08057
hsa:1129,D01000
hsa:1131,D04116
hsa:1901,D04187
hsa:1133,D07951
hsa:146,D03914
hsa:1813,D05339
hsa:150,D08126
hsa:3269,D07401
hsa:1133,D08595
hsa:154,D10545
hsa:1132,D07303
hsa:4988,D02111
hsa:1128,D00721
hsa:1901,D11283
hsa:150,D00281
hsa:1129,D07513
hsa:3269,D03621
hsa:553,D00101
hsa:5021,D09797
hsa:154,D07184
hsa:3269,D01332
hsa:155,D01691
hsa:1813,D10309
hsa:3350,D06327
hsa:1129,D00524
hsa:1394,D03592
hsa:1128,D03814
hsa:148,D02149
hsa:152,D08685
hsa:1813,D01745
hsa:2642,D02118
hsa:1129,D04970
hsa:148,D01674
hsa:3350,D02569
hsa:150,D08192
hsa:1813,D06566
hsa:152,D08511
hsa:146,D01024
hsa:1129,D07301
hsa:150,D08207
hsa:1813,D08687
hsa:1132,D03274
hsa:1132,D10181
hsa:4988,D07385
hsa:1813,D00790
hsa:1133,D05452
hsa:154,D02281
hsa:6870,D05996
hsa:1813,D02688
hsa:1129,D00232
hsa:1133,D04034
hsa:80834,D08862
hsa:4988,D03809
hsa:1128,D08384
hsa:185,D02014
hsa:3269,D00364
hsa:64805,D10823
hsa:6915,D09824
hsa:186,D00150
hsa:4988,D01355
hsa:1128,D06273
hsa:1129,D00397
hsa:6869,D05152
hsa:154,D07713
hsa:1129,D01201
hsa:1131,D00779
hsa:146,D01674
hsa:153,D07181
hsa:1132,D00719
hsa:1813,D02625
hsa:3358,D01485
hsa:4158,D03593
hsa:135,D04641
hsa:147,D00509
hsa:152,D08444
hsa:3351,D07997
hsa:4988,D01399
hsa:1813,D10495
hsa:3350,D02576
hsa:3357,D05829
hsa:83756,D02381
hsa:886,D01858
hsa:3269,D08183
hsa:3269,D08355
hsa:1813,D01164
hsa:147,D07560
hsa:153,D05466
hsa:1816,D03937
hsa:3355,D04533
hsa:153,D05127
hsa:150,D08444
hsa:147,D00454
hsa:3350,D03121
hsa:3358,D08297
hsa:1131,D08376
hsa:3274,D08494
hsa:152,D02076
hsa:155,D08284
hsa:1816,D00059
hsa:4988,D06147
hsa:146,D00997
hsa:154,D09319
hsa:150,D05119
hsa:80834,D02381
hsa:1132,D05012
hsa:4988,D02238
hsa:152,D08611
hsa:152,D00507
hsa:154,D08443
hsa:799,D09771
hsa:1133,D06175
hsa:4544,D02578
hsa:154,D01958
hsa:1133,D07759
hsa:1812,D02644
hsa:624,D03677
hsa:1133,D02064
hsa:6755,D02108
hsa:153,D01277
hsa:154,D06162
hsa:153,D03914
hsa:147,D07451
hsa:154,D07451
hsa:4988,D03825
hsa:1129,D07804
hsa:846,D10677
hsa:146,D08982
hsa:1132,D03088
hsa:152,D07905
hsa:1268,D10915
hsa:154,D03502
hsa:1132,D08419
hsa:148,D03648
hsa:155,D07931
hsa:1813,D08457
hsa:3356,D03005
hsa:1813,D11170
hsa:1131,D03859
hsa:147,D05466
hsa:146,D08411
hsa:154,D05466
hsa:1815,D05575
hsa:2693,D08856
hsa:147,D00607
hsa:3357,D04034
hsa:3356,D04788
hsa:1131,D01148
hsa:1131,D01118
hsa:1132,D01297
hsa:3269,D03568
hsa:6751,D10147
hsa:4985,D08101
hsa:3358,D11056
hsa:1394,D09610
hsa:147,D08207
hsa:154,D02834
hsa:64805,D09017
hsa:3350,D10364
hsa:1132,D05360
hsa:3269,D01174
hsa:3358,D02666
hsa:552,D07227
hsa:154,D05366
hsa:154,D01349
hsa:1813,D02627
hsa:148,D07451
hsa:3973,D03478
hsa:154,D08318
hsa:3269,D07790
hsa:11255,D10128
hsa:5732,D02725
hsa:155,D09843
hsa:153,D07526
hsa:3358,D08626
hsa:56413,D04074
hsa:1133,D00270
hsa:4544,D09388
hsa:151,D06671
hsa:5732,D05732
hsa:5021,D08986
hsa:4158,D05827
hsa:2692,D04491
hsa:147,D08106
hsa:154,D08106
hsa:152,D02407
hsa:154,D02093
hsa:151,D01019
hsa:4986,D00498
hsa:1131,D01491
hsa:154,D00432
hsa:3360,D09933
hsa:6915,D04501
hsa:1133,D00715
hsa:148,D01952
hsa:4158,D00284
hsa:1128,D10978
hsa:3269,D02089
hsa:135,D08647
hsa:1133,D04479
hsa:3269,D06063
hsa:151,D01205
hsa:6869,D09651
hsa:5739,D01188
hsa:151,D08206
hsa:1813,D00390
hsa:3269,D01242
hsa:1128,D00232
hsa:3350,D00679
hsa:151,D08624
hsa:1813,D07305
hsa:1129,D01976
hsa:3351,D07700
hsa:155,D07181
hsa:3351,D07701
hsa:148,D05689
hsa:3358,D00681
hsa:1132,D00789
hsa:155,D05206
hsa:1129,D00779
hsa:1131,D01201
hsa:10800,D02848
hsa:153,D06176
hsa:3356,D00795
hsa:147,D09842
hsa:154,D09842
hsa:554,D01213
hsa:1813,D05768
hsa:3358,D08257
hsa:146,D08365
hsa:3356,D06623
hsa:148,D04531
hsa:846,D11063
hsa:1132,D02064
hsa:4988,D08100
hsa:1129,D07303
hsa:150,D08611
hsa:1128,D03970
hsa:1128,D08653
hsa:1129,D07759
hsa:154,D01748
hsa:3269,D07125
hsa:553,D00366
hsa:136,D00045
hsa:1132,D06175
hsa:1814,D00559
hsa:147,D02349
hsa:154,D02349
hsa:1812,D09886
hsa:1133,D02603
hsa:151,D01277
hsa:1132,D07099
hsa:148,D05688
hsa:2492,D02692
hsa:1131,D08653
hsa:152,D05206
hsa:3358,D02675
hsa:4986,D05646
hsa:1129,D08384
hsa:1131,D02246
hsa:1131,D00787
hsa:2798,D07957
hsa:155,D08572
hsa:5737,D06274
hsa:1129,D08638
hsa:150,D09819
hsa:5737,D07730
hsa:3269,D08967
hsa:1133,D01315
hsa:136,D01712
hsa:1813,D08297
hsa:1128,D07301
hsa:3356,D10364
hsa:3352,D03014
hsa:1269,D11312
hsa:1813,D01447
hsa:150,D05466
hsa:146,D01021
hsa:3357,D06253
hsa:4988,D10163
hsa:3356,D08687
hsa:4157,D09801
hsa:1129,D02535
hsa:1133,D00465
hsa:3269,D07196
hsa:1129,D00999
hsa:1131,D05418
hsa:1131,D07820
hsa:154,D08074
hsa:3269,D03285
hsa:1131,D10939
hsa:552,D06672
hsa:1133,D00722
hsa:1813,D02623
hsa:1133,D08418
hsa:2798,D09335
hsa:152,D08141
hsa:1128,D01000
hsa:6752,D11033
hsa:3269,D06246
hsa:1131,D10181
hsa:1131,D08382
hsa:1131,D10853
hsa:3274,D03889
hsa:4159,D09937
hsa:146,D00680
hsa:1131,D00782
hsa:1133,D02071
hsa:1133,D01600
hsa:1131,D04087
hsa:1812,D00790
hsa:3269,D07662
hsa:3356,D08969
hsa:1814,D07310
hsa:2693,D10660
hsa:1128,D02247
hsa:147,D04531
hsa:153,D09843
hsa:153,D07184
hsa:1813,D00374
hsa:1131,D08419
hsa:4988,D08121
hsa:4986,D02095
hsa:4986,D07937
hsa:2740,D10970
hsa:1133,D00113
hsa:3357,D01485
hsa:1133,D00778
hsa:1814,D07305
hsa:1815,D00283
hsa:151,D00124
hsa:148,D01023
hsa:148,D00679
hsa:153,D04190
hsa:1131,D06061
hsa:1131,D10989
hsa:1813,D02670
hsa:1132,D03264
hsa:3352,D03983
hsa:147,D05206
hsa:154,D05206
hsa:3269,D05769
hsa:1132,D07511
hsa:148,D08578
hsa:1129,D02071
hsa:1129,D01600
hsa:4988,D04764
hsa:1133,D07083
hsa:3350,D07700
hsa:154,D01428
hsa:1129,D00719
hsa:150,D08165
hsa:1813,D04694
hsa:148,D02774
hsa:153,D08090
hsa:152,D08205
hsa:3269,D00521
hsa:5021,D10118
hsa:136,D06103
hsa:1813,D03556
hsa:1813,D08691
hsa:146,D00507
hsa:1128,D01318
hsa:152,D02569
hsa:1129,D03088
hsa:4988,D08182
hsa:2149,D09867
hsa:5731,D03999
hsa:4988,D00843
hsa:1133,D01521
hsa:1128,D07823
hsa:1131,D01987
hsa:153,D01794
hsa:134,D02769
hsa:3358,D10710
hsa:3350,D10309
hsa:1129,D01815
hsa:3356,D01939
hsa:155,D06014
hsa:155,D00485
hsa:150,D08358
hsa:3274,D05004
hsa:1128,D02603
hsa:154,D04157
hsa:1129,D05012
hsa:147,D08362
hsa:3352,D01321
hsa:5729,D10631
hsa:1129,D05628
hsa:1131,D06217
hsa:1813,D00561
hsa:3351,D07887
hsa:147,D03914
hsa:152,D01603
hsa:153,D06162
hsa:1813,D02680
hsa:3356,D06253
hsa:3269,D09748
hsa:146,D07905
hsa:5737,D08591
hsa:3274,D05307
