hsa:776,D07943
hsa:2902,D04728
hsa:1143,D00760
hsa:3784,D04192
hsa:2560,D04882
hsa:2905,D00711
hsa:55879,D00225
hsa:2562,D00058
hsa:6323,D00637
hsa:2558,D07784
hsa:6326,D02272
hsa:2557,D00701
hsa:2568,D00701
hsa:1135,D02207
hsa:6328,D02088
hsa:6328,D07993
hsa:2559,D01286
hsa:2555,D00387
hsa:3359,D01838
hsa:5029,D03685
hsa:2557,D03180
hsa:3359,D05685
hsa:2568,D03180
hsa:2567,D05028
hsa:6323,D08421
hsa:6334,D11155
hsa:2564,D03737
hsa:1137,D00765
hsa:2558,D00457
hsa:6329,D00375
hsa:1141,D00611
hsa:6331,D00477
hsa:11280,D02907
hsa:6323,D02220
hsa:55584,D05157
hsa:2565,D00506
hsa:6323,D02096
hsa:2562,D00537
hsa:775,D03067
hsa:2905,D00536
hsa:774,D08686
hsa:2555,D01354
hsa:6326,D07468
hsa:9177,D07175
hsa:2554,D00694
hsa:2565,D01286
hsa:2560,D01254
hsa:200909,D10170
hsa:2563,D05346
hsa:11280,D08435
hsa:6331,D08394
hsa:6326,D02103
hsa:6329,D06203
hsa:6335,D00741
hsa:9177,D00677
hsa:2558,D00550
hsa:6328,D07962
hsa:6336,D02220
hsa:3757,D07520
hsa:6323,D02969
hsa:170572,D00283
hsa:55879,D02770
hsa:775,D11102
hsa:2566,D01278
hsa:6336,D09215
hsa:55879,D01514
hsa:2905,D06146
hsa:2902,D00848
hsa:2565,D02640
hsa:2562,D11149
hsa:2893,D08964
hsa:2567,D01292
hsa:2558,D00280
hsa:2562,D01657
hsa:2557,D00706
hsa:2568,D00706
hsa:55879,D00694
hsa:2554,D03155
hsa:6334,D08422
hsa:2560,D01310
hsa:775,D05442
hsa:3752,D03547
hsa:6326,D00740
hsa:610,D07165
hsa:775,D01969
hsa:5029,D03864
hsa:2903,D04728
hsa:776,D04657
hsa:2557,D07784
hsa:2568,D07784
hsa:55879,D00695
hsa:6331,D08490
hsa:1143,D00763
hsa:6334,D06203
hsa:2563,D01657
hsa:6335,D09612
hsa:775,D03536
hsa:170572,D05348
hsa:2555,D04721
hsa:2559,D08690
hsa:55879,D00058
hsa:285242,D02829
hsa:2560,D00500
hsa:2561,D00457
hsa:200909,D00725
hsa:2558,D01230
hsa:6331,D01967
hsa:6334,D02910
hsa:2554,D01744
hsa:2559,D00329
hsa:776,D02356
hsa:9177,D07129
hsa:6336,D09612
hsa:6329,D01287
hsa:6335,D00638
hsa:2564,D01245
hsa:3359,D03662
hsa:2902,D05714
hsa:3752,D01856
hsa:2905,D07589
hsa:285242,D06358
hsa:2561,D07784
hsa:11280,D00739
hsa:3752,D07520
hsa:2555,D03737
hsa:6326,D03492
hsa:2564,D00506
hsa:2564,D01253
hsa:3752,D04127
hsa:57657,D08095
hsa:55879,D02252
hsa:1143,D00611
hsa:2904,D05714
hsa:2904,D05145
hsa:1134,D02202
hsa:3750,D04127
hsa:1142,D00759
hsa:2562,D01278
hsa:2559,D00376
hsa:2904,D06204
hsa:2905,D11299
hsa:6328,D00553
hsa:6326,D00375
hsa:2892,D09035
hsa:3359,D09749
hsa:2566,D11149
hsa:55879,D08840
hsa:6334,D02103
hsa:7224,D02013
hsa:2565,D01071
hsa:2559,D06106
hsa:2902,D07058
hsa:6336,D00738
hsa:1141,D08669
hsa:1141,D09368
hsa:2905,D09917
hsa:2562,D01354
hsa:2567,D04282
hsa:2555,D02616
hsa:775,D01173
hsa:2891,D00775
hsa:2559,D00693
hsa:6323,D01287
hsa:6331,D00642
hsa:2563,D00293
hsa:6335,D00640
hsa:2554,D01657
hsa:1139,D08138
hsa:3359,D00678
hsa:6326,D05708
hsa:1139,D00765
hsa:2560,D08840
hsa:6334,D05708
hsa:2561,D00696
hsa:170572,D03496
hsa:285242,D10184
hsa:2567,D07298
hsa:6335,D08435
hsa:2560,D00549
hsa:2567,D05980
hsa:2565,D00293
hsa:2559,D01328
hsa:2562,D00338
hsa:2563,D01268
hsa:2556,D02594
hsa:2557,D02640
hsa:2564,D01071
hsa:2567,D00701
hsa:2568,D02640
hsa:6326,D02906
hsa:2556,D00267
hsa:2567,D02624
hsa:55879,D01279
hsa:2556,D02283
hsa:2554,D02770
hsa:1145,D00761
hsa:1137,D02207
hsa:170572,D10171
hsa:11280,D02088
hsa:2556,D01245
hsa:2561,D06887
hsa:779,D08111
hsa:2555,D00506
hsa:2554,D00387
hsa:2566,D02640
hsa:3760,D07520
hsa:2559,D00225
hsa:2554,D05980
hsa:2557,D01278
hsa:2562,D00370
hsa:2568,D01278
hsa:6334,D03492
hsa:6335,D08377
hsa:6338,D07447
hsa:11280,D01455
hsa:2564,D00430
hsa:6335,D02096
hsa:348980,D08095
hsa:6323,D02103
hsa:2554,D01758
hsa:6331,D00512
hsa:55879,D00555
hsa:2564,D05346
hsa:6326,D02086
hsa:9177,D02829
hsa:2555,D02624
hsa:776,D09789
hsa:2566,D00696
hsa:2555,D00311
hsa:2567,D00531
hsa:2560,D00457
hsa:6326,D00512
hsa:6340,D07447
hsa:2565,D00225
hsa:2567,D00706
hsa:6263,D10304
hsa:2897,D10109
hsa:6329,D04774
hsa:2903,D07058
hsa:2554,D02252
hsa:2566,D01245
hsa:6326,D04774
hsa:2557,D01408
hsa:2568,D01408
hsa:6326,D04095
hsa:6331,D05077
hsa:779,D00437
hsa:2903,D08596
hsa:6331,D00639
hsa:779,D07886
hsa:2565,D01328
hsa:2554,D01740
hsa:6336,D04774
hsa:2557,D04650
hsa:2568,D04650
hsa:1138,D00759
hsa:6328,D02907
hsa:776,D02537
hsa:2560,D03737
hsa:778,D04657
hsa:2566,D00338
hsa:6336,D08490
hsa:2559,D01657
hsa:6335,D00512
hsa:3741,D06665
hsa:1141,D07272
hsa:1135,D07770
hsa:2558,D00370
hsa:2559,D00370
hsa:9132,D09569
hsa:2893,D00775
hsa:2906,D02780
hsa:2563,D05980
hsa:2561,D00532
hsa:2564,D02252
hsa:6323,D09612
hsa:1144,D02364
hsa:2567,D02617
hsa:2555,D02771
hsa:2563,D01316
hsa:2554,D00280
hsa:9132,D04192
hsa:779,D09833
hsa:2556,D03562
hsa:2562,D02640
hsa:55879,D01758
hsa:2554,D00701
hsa:1137,D08655
hsa:2556,D03737
hsa:3359,D03496
hsa:2558,D00506
hsa:2563,D01758
hsa:1181,D04790
hsa:775,D07520
hsa:6328,D00110
hsa:2561,D08507
hsa:6329,D00538
hsa:6334,D00358
hsa:778,D07845
hsa:2556,D01268
hsa:11280,D01287
hsa:11280,D05709
hsa:2562,D02771
hsa:6323,D07468
hsa:2566,D02618
hsa:778,D00438
hsa:200909,D08466
hsa:2557,D05028
hsa:2568,D05028
hsa:6331,D00199
hsa:8913,D00304
hsa:2904,D08174
hsa:2558,D01292
hsa:2558,D01758
hsa:2563,D00506
hsa:55879,D01408
hsa:2567,D06887
hsa:6328,D08181
hsa:779,D04657
hsa:779,D00537
hsa:2554,D07328
hsa:170572,D06353
hsa:2564,D00531
hsa:200909,D06253
hsa:9177,D00725
hsa:2559,D00698
hsa:2556,D00370
hsa:2562,D01372
hsa:2567,D08507
hsa:2557,D08507
hsa:2567,D05378
hsa:2568,D08507
hsa:2559,D01254
hsa:1137,D00764
hsa:2904,D03679
hsa:8989,D04918
hsa:2557,D05378
hsa:2568,D05378
hsa:2904,D03742
hsa:1138,D02207
hsa:6335,D00739
hsa:2892,D10109
hsa:778,D05024
hsa:779,D11102
hsa:2554,D01293
hsa:2562,D00457
hsa:2563,D00550
hsa:2563,D04282
hsa:1138,D00760
hsa:779,D00618
hsa:6329,D08458
hsa:6331,D08377
hsa:2561,D01278
hsa:778,D00615
hsa:8911,D00399
hsa:6326,D02239
hsa:2902,D03742
hsa:6336,D08311
hsa:170572,D07129
hsa:2565,D08481
hsa:2566,D07326
hsa:2558,D02594
hsa:1145,D02364
hsa:2557,D00697
hsa:2554,D08145
hsa:2568,D00697
hsa:55879,D00430
hsa:55879,D01278
hsa:2567,D00697
hsa:2556,D01292
hsa:2563,D00701
hsa:2565,D02594
hsa:2554,D01382
hsa:6328,D00533
hsa:6329,D00740
hsa:2566,D01514
hsa:170572,D06396
hsa:6331,D08422
hsa:3757,D02910
hsa:285242,D07175
hsa:2563,D00500
hsa:3741,D07520
hsa:1141,D10111
hsa:6331,D08435
hsa:2556,D00714
hsa:6335,D11155
hsa:2561,D08690
hsa:2566,D01744
hsa:2561,D05980
hsa:2556,D04882
hsa:2564,D00550
hsa:2554,D04300
hsa:2557,D00696
hsa:2556,D02833
hsa:2568,D00696
hsa:2564,D08481
hsa:6334,D00354
hsa:778,D08111
hsa:2562,D01758
hsa:55879,D02640
hsa:6335,D00375
hsa:8912,D00399
hsa:2555,D00695
hsa:2564,D01279
hsa:6323,D08394
hsa:2562,D02618
hsa:2565,D03180
hsa:2558,D00500
hsa:6323,D02086
hsa:170572,D10185
hsa:2556,D00225
hsa:2891,D10107
hsa:2905,D04308
hsa:8911,D08667
hsa:8913,D08667
hsa:200909,D04294
hsa:200909,D01613
hsa:2564,D00699
hsa:285242,D03662
hsa:2558,D01253
hsa:2563,D01593
hsa:2561,D02770
hsa:2903,D02599
hsa:2905,D00774
hsa:776,D00349
hsa:93589,D09539
hsa:6334,D00551
hsa:2566,D00464
hsa:1144,D00761
hsa:1137,D06016
hsa:3359,D04821
hsa:6328,D01554
hsa:6337,D00386
hsa:2566,D01372
hsa:2562,D05346
hsa:2559,D11149
hsa:2556,D00430
hsa:2558,D11149
hsa:2559,D00280
hsa:1146,D00611
hsa:2559,D02594
hsa:2556,D01328
hsa:6329,D01554
hsa:6331,D02182
hsa:11280,D02991
hsa:6323,D08127
hsa:2559,D07328
hsa:2563,D00713
hsa:778,D00629
hsa:2557,D02252
hsa:2558,D04882
hsa:1141,D08935
hsa:2568,D02252
hsa:1135,D00764
hsa:55879,D01245
hsa:6334,D02906
hsa:2556,D00376
hsa:6334,D06517
hsa:778,D01369
hsa:1143,D02204
hsa:2561,D02624
hsa:2563,D01382
hsa:2890,D10780
hsa:2904,D07589
hsa:6331,D04521
hsa:55879,D04721
hsa:200909,D07129
hsa:2565,D01354
hsa:2903,D03742
hsa:6336,D00303
hsa:2555,D01382
hsa:8912,D02633
hsa:2566,D00694
hsa:3784,D02910
hsa:2556,D06106
hsa:6336,D07894
hsa:2566,D02252
hsa:6323,D05708
hsa:1146,D04303
hsa:8913,D00399
hsa:285242,D06353
hsa:2567,D01268
hsa:2561,D04721
hsa:2564,D01408
hsa:3741,D00631
hsa:2561,D00537
hsa:2564,D05028
hsa:200909,D09749
hsa:6326,D00738
hsa:8911,D00539
hsa:2558,D01382
hsa:2562,D01744
hsa:6335,D00642
hsa:2560,D00700
hsa:2556,D00329
hsa:11280,D08319
hsa:6326,D00552
hsa:2903,D03744
hsa:2557,D00058
hsa:2568,D00058
hsa:55799,D00332
hsa:2561,D02618
hsa:778,D03655
hsa:1138,D00758
hsa:2559,D01253
hsa:2559,D01740
hsa:6323,D08422
hsa:1137,D00760
hsa:6329,D08422
hsa:7442,D06388
hsa:1144,D07770
hsa:2561,D07298
hsa:776,D01933
hsa:55879,D02618
hsa:2906,D02599
hsa:6331,D09833
hsa:170572,D01613
hsa:6326,D08459
hsa:2566,D00531
hsa:2567,D00696
hsa:11280,D00642
hsa:2905,D05447
hsa:2554,D00713
hsa:2901,D10109
hsa:2563,D00549
hsa:2564,D04257
hsa:2560,D01268
hsa:2559,D00701
hsa:2565,D01372
hsa:2904,D03746
hsa:6334,D01041
hsa:1143,D02207
hsa:2565,D01382
hsa:2566,D05346
hsa:779,D02045
hsa:3768,D02910
hsa:778,D01562
hsa:2554,D02616
hsa:6334,D00741
hsa:6335,D04048
hsa:1137,D03365
hsa:2565,D00555
hsa:1143,D07272
hsa:2565,D08690
hsa:2558,D01245
hsa:2559,D03180
hsa:2564,D10194
hsa:1145,D00999
hsa:116443,D08305
hsa:6329,D03991
hsa:6335,D01967
hsa:776,D05024
hsa:778,D00618
hsa:6331,D02087
hsa:1142,D00611
hsa:2556,D01593
hsa:1140,D04303
hsa:2902,D00775
hsa:2566,D08840
hsa:55879,D11149
hsa:2563,D00694
hsa:3784,D00636
hsa:285242,D03060
hsa:2561,D03180
hsa:6331,D02907
hsa:6323,D06172
hsa:2560,D02833
hsa:2562,D00694
hsa:2565,D00714
hsa:11280,D00477
hsa:2567,D01408
hsa:2564,D00549
hsa:2565,D01310
hsa:2561,D00694
hsa:116444,D08305
hsa:1139,D00760
hsa:2560,D01408
hsa:2562,D06106
hsa:6326,D00358
hsa:3359,D08466
hsa:779,D01908
hsa:6336,D08319
hsa:55879,D03180
hsa:2904,D04728
hsa:6335,D01152
hsa:2902,D09917
hsa:778,D00537
hsa:285242,D09749
hsa:2906,D07441
hsa:6326,D04048
hsa:6323,D08458
hsa:6334,D07678
hsa:6335,D08459
hsa:6334,D07993
hsa:2554,D08481
hsa:2561,D00376
hsa:8973,D07770
hsa:285242,D01838
hsa:2905,D08195
hsa:2566,D01279
hsa:776,D00617
hsa:6336,D01554
hsa:57053,D00758
hsa:3743,D04127
hsa:2558,D02618
hsa:2555,D01593
hsa:2555,D05980
hsa:55879,D01071
hsa:6337,D00649
hsa:2565,D00430
hsa:1145,D00611
hsa:2560,D00506
hsa:6323,D00732
hsa:6331,D08181
hsa:6328,D00354
hsa:6326,D11155
hsa:3751,D03547
hsa:1139,D05157
hsa:2555,D01758
hsa:2558,D04721
hsa:2557,D08690
hsa:2568,D08690
hsa:2554,D00470
hsa:2563,D02618
hsa:6328,D04774
hsa:2558,D01328
hsa:11280,D00638
hsa:116443,D00536
hsa:2563,D01744
hsa:2906,D07058
hsa:778,D01145
hsa:2903,D07589
hsa:2565,D02253
hsa:2567,D00499
hsa:6336,D00538
hsa:1137,D00763
hsa:2560,D02771
hsa:6335,D08127
hsa:2562,D04882
hsa:2558,D02624
hsa:6331,D00638
hsa:6331,D00732
hsa:2558,D01254
hsa:2559,D01593
hsa:2904,D00848
hsa:2903,D00775
hsa:2904,D02102
hsa:2561,D04882
hsa:2565,D08283
hsa:1143,D00999
hsa:1142,D00764
hsa:1135,D00492
hsa:2554,D07326
hsa:2554,D01372
hsa:285242,D00283
hsa:2565,D05346
hsa:2905,D03878
hsa:6323,D01768
hsa:775,D00618
hsa:200909,D02130
hsa:2555,D05346
hsa:3784,D09569
hsa:55879,D01253
hsa:2566,D04282
hsa:6331,D05709
hsa:9177,D10185
hsa:2566,D01293
hsa:6331,D00739
hsa:6328,D01785
hsa:2555,D08481
hsa:2558,D02770
hsa:285242,D03495
hsa:2561,D01253
hsa:2903,D09917
hsa:2555,D00550
hsa:2567,D00500
hsa:1137,D00999
hsa:1136,D00611
hsa:200909,D11056
hsa:2564,D01310
hsa:3359,D02829
hsa:11280,D01243
hsa:778,D08009
hsa:2564,D00365
hsa:2564,D01564
hsa:2565,D01758
hsa:3359,D07175
hsa:2567,D00699
hsa:2557,D00693
hsa:2568,D00693
hsa:1142,D08655
hsa:2561,D00698
hsa:2564,D00457
hsa:6328,D02910
hsa:3757,D04955
hsa:2906,D08121
hsa:2562,D04721
hsa:2554,D00530
hsa:2905,D03746
hsa:2901,D00775
hsa:1135,D07272
hsa:2554,D01514
hsa:6329,D08311
hsa:2554,D02618
hsa:11280,D08421
hsa:6329,D00354
hsa:57053,D07273
hsa:3784,D09757
hsa:2558,D05980
hsa:2902,D07441
hsa:2558,D08690
hsa:2903,D07306
hsa:2904,D04308
hsa:2560,D00430
hsa:2564,D01254
hsa:2557,D01328
hsa:2568,D01328
hsa:2564,D00267
hsa:1141,D02839
hsa:2904,D08098
hsa:55879,D03562
hsa:1146,D08138
hsa:2564,D00555
hsa:2564,D02616
hsa:2562,D01740
hsa:2557,D00532
hsa:2568,D00532
hsa:3757,D00631
hsa:170572,D01838
hsa:285242,D02041
hsa:2565,D00457
hsa:6336,D00512
hsa:6336,D08377
hsa:2566,D04882
hsa:170572,D05685
hsa:2559,D01278
hsa:6323,D03492
hsa:775,D09833
hsa:2561,D04650
hsa:2563,D00499
hsa:3757,D08060
hsa:6328,D03492
hsa:285242,D00678
hsa:2555,D03155
hsa:2565,D02283
hsa:2567,D02252
hsa:2906,D08195
hsa:6323,D05775
hsa:6329,D00533
hsa:6323,D00358
hsa:775,D07185
hsa:2561,D00430
hsa:2560,D02252
hsa:2560,D00693
hsa:2562,D01253
hsa:2891,D04131
hsa:6331,D03991
hsa:6323,D00110
hsa:2890,D10109
hsa:6328,D02220
hsa:93589,D00332
hsa:9177,D01613
hsa:2563,D00700
hsa:2565,D02771
hsa:2560,D01230
hsa:2561,D01292
hsa:1141,D06016
hsa:55584,D00764
hsa:2557,D02617
hsa:2568,D02617
hsa:3757,D09759
hsa:6326,D08421
hsa:2563,D00706
hsa:2559,D00464
hsa:6336,D00636
hsa:2562,D07328
hsa:3757,D09758
hsa:2560,D01758
hsa:2564,D00499
hsa:2564,D07784
hsa:6329,D05775
hsa:1137,D00767
hsa:55879,D00532
hsa:2906,D02102
hsa:2560,D01253
hsa:116444,D00536
hsa:2566,D02617
hsa:6336,D02096
hsa:2561,D00506
hsa:1142,D02207
hsa:2556,D01316
hsa:3359,D11056
hsa:6331,D06665
hsa:778,D00616
hsa:2902,D07306
hsa:2903,D07441
hsa:775,D01171
hsa:1144,D02275
hsa:779,D08009
hsa:3768,D01856
hsa:11280,D08459
hsa:2556,D05378
hsa:775,D01908
hsa:2557,D01657
hsa:2568,D01657
hsa:2564,D07328
hsa:2558,D00532
hsa:2555,D00280
hsa:2904,D02410
hsa:2557,D00370
hsa:2568,D00370
hsa:55879,D00506
hsa:6336,D00739
hsa:9254,D09539
hsa:2566,D00387
hsa:2567,D08283
hsa:779,D09789
hsa:2563,D00280
hsa:2566,D01740
hsa:200909,D00563
hsa:116443,D02599
hsa:6331,D08116
hsa:1146,D07770
hsa:6335,D06517
hsa:2554,D07298
hsa:779,D07094
hsa:6336,D07962
hsa:2558,D00293
hsa:2890,D09931
hsa:1142,D08138
hsa:2554,D01354
hsa:9635,D08275
hsa:285242,D05348
hsa:6334,D05775
hsa:2564,D00311
hsa:6338,D00649
hsa:2905,D02410
hsa:55879,D08356
hsa:11280,D07894
hsa:776,D01171
hsa:2558,D08840
hsa:55584,D08138
hsa:6326,D06172
hsa:6329,D02272
hsa:3760,D00636
hsa:6326,D08394
hsa:6329,D04521
hsa:2554,D05621
hsa:6334,D00638
hsa:6329,D00537
hsa:2559,D05028
hsa:6326,D00733
hsa:2565,D01744
hsa:79054,D00064
hsa:6335,D01768
hsa:774,D06363
hsa:2559,D00713
hsa:2563,D07328
hsa:2556,D01254
hsa:3359,D05050
hsa:6334,D01768
hsa:2559,D00537
hsa:2567,D04257
hsa:6331,D00636
hsa:6334,D08215
hsa:1144,D00766
hsa:2905,D08174
hsa:2554,D00706
hsa:2567,D00058
hsa:55879,D00537
hsa:11280,D00199
hsa:779,D08892
hsa:3359,D03060
hsa:2565,D03737
hsa:2566,D04650
hsa:9177,D02041
hsa:2906,D08098
hsa:6336,D02239
hsa:2566,D00713
hsa:1137,D05156
hsa:6323,D08435
hsa:2557,D02833
hsa:2568,D02833
hsa:6331,D08311
hsa:22802,D08275
hsa:776,D00495
hsa:2554,D00550
hsa:6329,D07993
hsa:2567,D00700
hsa:2903,D08122
hsa:2556,D04650
hsa:1143,D00492
hsa:776,D01104
hsa:2555,D01071
hsa:9177,D02130
hsa:2565,D10194
hsa:2559,D07298
hsa:775,D08340
hsa:2554,D10194
hsa:2897,D06656
hsa:6334,D08127
hsa:8911,D00304
hsa:2556,D00697
hsa:779,D02356
hsa:1143,D06016
hsa:6323,D07595
hsa:55879,D08690
hsa:2906,D00711
hsa:3750,D03547
hsa:2558,D06887
hsa:2559,D03562
hsa:6336,D02762
hsa:8913,D02633
hsa:200909,D10185
hsa:2563,D07298
hsa:2559,D00697
hsa:2557,D00531
hsa:2565,D00695
hsa:285242,D00456
hsa:2565,D02616
hsa:2568,D00531
hsa:2900,D00537
hsa:779,D00619
hsa:170572,D07175
hsa:2555,D02833
hsa:2554,D00500
hsa:2564,D03180
hsa:55879,D00329
hsa:2562,D00387
hsa:2557,D00457
hsa:2560,D02618
hsa:2568,D00457
hsa:2557,D00293
hsa:2568,D00293
hsa:6335,D00551
hsa:2564,D01372
hsa:2561,D00464
hsa:2562,D00695
hsa:6326,D00638
hsa:11280,D08394
hsa:55584,D00759
hsa:6329,D00552
hsa:1141,D09383
hsa:2567,D01657
hsa:6336,D00375
hsa:6323,D00738
hsa:2560,D00537
hsa:55879,D05346
hsa:6334,D08181
hsa:778,D01908
hsa:2554,D11149
hsa:2555,D04282
hsa:6329,D07894
hsa:779,D07450
hsa:6335,D03492
hsa:6336,D04048
hsa:778,D00631
hsa:1145,D00766
hsa:1139,D00492
hsa:2564,D00500
hsa:775,D01369
hsa:2556,D00699
hsa:2567,D01245
hsa:57053,D08655
hsa:2560,D08356
hsa:6328,D05709
hsa:775,D00349
hsa:3752,D00631
hsa:2562,D02253
hsa:1142,D07273
hsa:2560,D04650
hsa:2904,D09917
hsa:2557,D11149
hsa:2568,D11149
hsa:2904,D03100
hsa:170572,D09749
hsa:2555,D01657
hsa:57053,D08138
hsa:200909,D06353
hsa:2562,D00267
hsa:8912,D07520
hsa:1135,D05157
hsa:2554,D01278
hsa:1145,D04303
hsa:2562,D01593
hsa:1138,D02364
hsa:2563,D08690
hsa:2563,D00699
hsa:6334,D01287
hsa:9177,D10171
hsa:6331,D02991
hsa:2557,D01744
hsa:2568,D01744
hsa:11280,D02182
hsa:779,D00617
hsa:8973,D00611
hsa:6331,D00252
hsa:779,D03655
hsa:2560,D04721
hsa:775,D00615
hsa:2561,D01230
hsa:776,D07845
hsa:2556,D00532
hsa:9177,D00678
hsa:2897,D00537
hsa:55879,D01293
hsa:11280,D11155
hsa:3768,D09757
hsa:6328,D00737
hsa:6335,D07468
hsa:6335,D00636
hsa:2560,D08283
hsa:2905,D03679
hsa:3736,D06652
hsa:3359,D04642
hsa:2566,D00695
hsa:1142,D05156
hsa:2560,D00698
hsa:1141,D00999
hsa:2559,D02624
hsa:6329,D07468
hsa:2560,D05378
hsa:2555,D07326
hsa:2560,D02640
hsa:285242,D10170
hsa:55879,D00714
hsa:6336,D09833
hsa:2557,D03155
hsa:2568,D03155
hsa:2559,D04300
hsa:3752,D02537
hsa:2558,D04300
hsa:2565,D06106
hsa:6323,D08407
hsa:3760,D00631
hsa:2906,D04728
hsa:778,D07520
hsa:1138,D02204
hsa:2556,D00693
hsa:6329,D08490
hsa:2566,D02833
hsa:2903,D05447
hsa:2564,D02618
hsa:6326,D08458
hsa:1135,D00611
hsa:1140,D08138
hsa:6331,D01243
hsa:2563,D05028
hsa:2561,D00280
hsa:2560,D02770
hsa:6331,D02762
hsa:776,D01562
hsa:2893,D02696
hsa:200909,D04821
hsa:170572,D00456
hsa:2560,D01278
hsa:6329,D09612
hsa:9177,D03496
hsa:11280,D08458
hsa:1134,D05156
hsa:2559,D00365
hsa:2559,D01564
hsa:2567,D00338
hsa:2891,D10780
hsa:2903,D06146
hsa:778,D07509
hsa:2563,D01245
hsa:200909,D03060
hsa:2891,D10109
hsa:2561,D00550
hsa:2563,D01230
hsa:1134,D00766
hsa:2562,D00555
hsa:2563,D08507
hsa:2567,D07326
hsa:6329,D00199
hsa:8912,D00631
hsa:775,D01849
hsa:3757,D08525
hsa:1141,D00492
hsa:2557,D01245
hsa:2558,D00714
hsa:2564,D00387
hsa:2568,D01245
hsa:2556,D07784
hsa:2903,D08121
hsa:9177,D05348
hsa:2555,D00555
hsa:2555,D00693
hsa:6336,D11155
hsa:2567,D02594
hsa:2559,D02616
hsa:6323,D00733
hsa:6335,D02910
hsa:6335,D07595
hsa:6329,D07962
hsa:6331,D00741
hsa:6335,D08394
hsa:2567,D08481
hsa:2562,D00365
hsa:2562,D01564
hsa:2556,D08690
hsa:2561,D03562
hsa:2557,D00550
hsa:1137,D02204
hsa:2568,D00550
hsa:6328,D08459
hsa:2558,D01740
hsa:2903,D08195
hsa:11280,D00512
hsa:6329,D00252
hsa:775,D03914
hsa:2560,D00311
hsa:6328,D08116
hsa:6323,D00551
hsa:1136,D00763
hsa:6336,D05709
hsa:2555,D08356
hsa:55879,D01744
hsa:2560,D06106
hsa:2904,D00711
hsa:170572,D02041
hsa:6336,D08394
hsa:3359,D03073
hsa:776,D07509
hsa:2560,D00706
hsa:2564,D01292
hsa:1146,D05156
hsa:6326,D09833
hsa:2555,D01310
hsa:2567,D00464
hsa:1135,D05156
hsa:2562,D02833
hsa:1142,D07272
hsa:779,D07520
hsa:200909,D04642
hsa:11280,D08377
hsa:2561,D03155
hsa:2563,D00464
hsa:6328,D00512
hsa:3784,D09758
hsa:2555,D00329
hsa:170572,D02130
hsa:779,D00615
hsa:1137,D00758
hsa:2560,D01328
hsa:1138,D00765
hsa:6334,D08448
hsa:2558,D00713
hsa:200909,D07175
hsa:2555,D08690
hsa:3746,D04127
hsa:2906,D08174
hsa:6326,D00477
hsa:6328,D08311
hsa:55879,D01292
hsa:9312,D04127
hsa:2562,D02616
hsa:1135,D00765
hsa:6326,D01450
hsa:11280,D02096
hsa:2565,D00532
hsa:2554,D03180
hsa:2902,D08121
hsa:8913,D07971
hsa:779,D00438
hsa:2557,D01593
hsa:2568,D01593
hsa:55879,D08507
hsa:2561,D06106
hsa:2564,D02283
hsa:6328,D00639
hsa:6334,D09612
hsa:285242,D00725
hsa:2562,D00280
hsa:2893,D04131
hsa:6334,D02088
hsa:2561,D04257
hsa:2906,D09917
hsa:1140,D00999
hsa:6334,D08459
hsa:3767,D03914
hsa:6329,D08459
hsa:779,D08340
hsa:2563,D00370
hsa:2563,D07784
hsa:2560,D07298
hsa:2567,D01328
hsa:2555,D04300
hsa:2904,D00536
hsa:778,D03830
hsa:8973,D02364
hsa:1143,D05157
hsa:3359,D10171
hsa:2560,D01514
hsa:2558,D05028
hsa:2562,D00430
hsa:2554,D00267
hsa:2905,D05714
hsa:6336,D01152
hsa:2554,D02283
hsa:2566,D00506
hsa:2564,D01293
hsa:2558,D00693
hsa:2905,D04905
hsa:11280,D05775
hsa:6329,D00643
hsa:2567,D00225
hsa:2560,D00555
hsa:170572,D04642
hsa:6334,D00738
hsa:2556,D00387
hsa:6329,D09215
hsa:6323,D08181
hsa:776,D11102
hsa:6335,D08215
hsa:200909,D00678
hsa:55879,D02833
hsa:6328,D00358
hsa:1141,D08138
hsa:9177,D03662
hsa:6337,D07447
hsa:1135,D07273
hsa:6323,D08311
hsa:6335,D00537
hsa:779,D04193
hsa:3757,D03547
hsa:2561,D01354
hsa:2557,D00329
hsa:2568,D00329
hsa:55799,D02716
hsa:200909,D07867
hsa:2564,D04882
hsa:8912,D07971
hsa:1140,D02364
hsa:1142,D00763
hsa:2566,D08356
hsa:55879,D00531
hsa:2566,D01316
hsa:2556,D01758
hsa:11280,D00740
hsa:2567,D08840
hsa:2563,D01310
hsa:2903,D00711
hsa:2561,D00267
hsa:6331,D02272
hsa:8912,D00539
hsa:6334,D00733
hsa:2562,D01310
hsa:1140,D05157
hsa:285242,D04821
hsa:2566,D02616
hsa:2566,D01408
hsa:2902,D02410
hsa:6335,D00354
hsa:2904,D08122
hsa:2557,D08356
hsa:2568,D08356
hsa:6331,D08319
hsa:2563,D00457
hsa:775,D09789
hsa:6323,D07678
hsa:6334,D08458
hsa:2906,D02410
hsa:2565,D01657
hsa:6323,D08459
hsa:6323,D07552
hsa:776,D03830
hsa:2556,D02252
hsa:200909,D10184
hsa:6336,D03492
hsa:2561,D00700
hsa:2902,D08174
hsa:6336,D07299
hsa:2558,D07326
hsa:2559,D01372
hsa:2565,D00701
hsa:2567,D00293
hsa:2564,D01328
hsa:6335,D08421
hsa:3784,D07520
hsa:2560,D00470
hsa:2555,D00058
hsa:2565,D07298
hsa:2567,D01279
hsa:779,D00616
hsa:6331,D00737
hsa:6335,D02220
hsa:2893,D00537
hsa:2561,D00329
hsa:1143,D05156
hsa:55879,D01657
hsa:2556,D01740
hsa:2557,D00555
hsa:2568,D00555
hsa:116443,D00774
hsa:6323,D02910
hsa:6329,D02969
hsa:170572,D08466
hsa:2556,D00457
hsa:55879,D07326
hsa:1138,D00764
hsa:778,D02537
hsa:2890,D00537
hsa:2560,D00329
hsa:2565,D01253
hsa:2559,D02617
hsa:6326,D00354
hsa:2562,D00506
hsa:57053,D02204
hsa:2560,D02624
hsa:2561,D00555
hsa:2567,D01071
hsa:6328,D01326
hsa:6335,D02969
hsa:2559,D02640
hsa:775,D07509
hsa:1135,D03365
hsa:2560,D08690
hsa:1138,D07272
hsa:2555,D00694
hsa:2565,D02770
hsa:9177,D06353
hsa:2558,D02833
hsa:6328,D01243
hsa:2555,D01293
hsa:776,D06129
hsa:8973,D00492
hsa:6328,D00637
hsa:11280,D00538
hsa:775,D07494
hsa:170572,D00725
hsa:1135,D02364
hsa:2560,D02253
hsa:2554,D01310
hsa:6329,D01243
hsa:285242,D05685
hsa:2555,D03562
hsa:6329,D02239
hsa:6334,D00553
hsa:6328,D01967
hsa:2562,D08356
hsa:2555,D07298
hsa:1137,D07770
hsa:2565,D00058
hsa:2562,D01316
hsa:2557,D04257
hsa:2561,D01310
hsa:2568,D04257
hsa:6328,D04048
hsa:2561,D08356
hsa:2902,D00711
hsa:6328,D08407
hsa:6334,D08490
hsa:1143,D00764
hsa:2562,D03562
hsa:6326,D01768
hsa:2567,D01744
hsa:2556,D07328
hsa:2563,D08840
hsa:2561,D08145
hsa:2566,D00714
hsa:2903,D02410
hsa:11280,D01519
hsa:11280,D06203
hsa:6331,D00643
hsa:2566,D04257
hsa:7442,D08282
hsa:776,D08155
hsa:2567,D01293
hsa:11280,D08448
hsa:6336,D00552
hsa:2557,D08840
hsa:2568,D08840
hsa:170572,D10184
hsa:779,D03536
hsa:2565,D00713
hsa:1142,D00760
hsa:2554,D00698
hsa:2556,D01293
hsa:2903,D08174
hsa:2904,D11340
hsa:6336,D00199
hsa:2565,D04300
hsa:6328,D00741
hsa:7224,D01705
hsa:6329,D00640
hsa:779,D03067
hsa:2564,D00370
hsa:2558,D00058
hsa:6336,D07552
hsa:11280,D00537
hsa:6328,D05708
hsa:6326,D02098
hsa:6329,D01152
hsa:6331,D08459
hsa:1138,D08655
hsa:6328,D00642
hsa:6331,D07595
hsa:2555,D01744
hsa:2555,D01279
hsa:285242,D10185
hsa:6331,D04095
hsa:2561,D07328
hsa:8912,D00304
hsa:2554,D04985
hsa:1136,D00760
hsa:2560,D08507
hsa:2563,D00365
hsa:2563,D01564
hsa:9177,D03060
hsa:2565,D01292
hsa:1144,D00999
hsa:2905,D00848
hsa:2900,D10107
hsa:2898,D10107
hsa:775,D01104
hsa:170572,D10170
hsa:2557,D01316
hsa:2568,D01316
hsa:285242,D06253
hsa:2566,D00549
hsa:8913,D00404
hsa:1137,D08987
hsa:55879,D07328
hsa:2554,D04882
hsa:55584,D08655
hsa:55879,D00280
hsa:2554,D02833
hsa:6323,D02991
hsa:2557,D03562
hsa:2568,D03562
hsa:2561,D00311
hsa:2558,D00531
hsa:1139,D02364
hsa:2555,D05378
hsa:2559,D00531
hsa:2567,D01286
hsa:3764,D00631
hsa:1136,D06016
hsa:2892,D10108
hsa:285242,D05050
hsa:1141,D02364
hsa:6334,D08311
hsa:11280,D00738
hsa:2559,D00293
hsa:55879,D00311
hsa:2566,D03562
hsa:6328,D00738
hsa:2565,D02252
hsa:2567,D02283
hsa:6336,D00740
hsa:2556,D01279
hsa:2890,D09035
hsa:2563,D00698
hsa:2567,D00376
hsa:2905,D08305
hsa:6329,D02456
hsa:11280,D00552
hsa:9177,D07481
hsa:2554,D00537
hsa:55879,D00706
hsa:776,D02045
hsa:170572,D00563
hsa:1141,D00760
hsa:200909,D02829
hsa:2563,D00376
hsa:2556,D01408
hsa:2567,D00698
hsa:2557,D00698
hsa:2568,D00698
hsa:778,D00619
hsa:1141,D09382
hsa:6335,D02456
hsa:55584,D07770
hsa:2555,D00531
hsa:2563,D00532
hsa:775,D07886
hsa:3757,D09757
hsa:1136,D00759
hsa:2565,D00376
hsa:6336,D01243
hsa:2554,D00365
hsa:2554,D01564
hsa:6336,D01450
hsa:1136,D05156
hsa:1139,D02204
hsa:6326,D02182
hsa:2554,D00058
hsa:2558,D00225
hsa:776,D00616
hsa:2554,D06106
hsa:2557,D01071
hsa:2568,D01071
hsa:1141,D02204
hsa:2560,D03562
hsa:2561,D03737
hsa:8973,D00999
hsa:2566,D05028
hsa:6336,D02182
hsa:3359,D02092
hsa:3736,D04127
hsa:6323,D06203
hsa:2558,D01279
hsa:2563,D01071
hsa:2562,D00549
hsa:6329,D08319
hsa:2565,D00699
hsa:2567,D04882
hsa:2554,D00329
hsa:2559,D01744
hsa:2892,D10107
hsa:2898,D10108
hsa:11280,D07468
hsa:776,D07494
hsa:2564,D07326
hsa:6336,D02906
hsa:2900,D00775
hsa:6329,D08421
hsa:6323,D03991
hsa:2562,D08690
hsa:11280,D04774
hsa:3762,D07520
hsa:6331,D07468
hsa:6331,D01519
hsa:778,D01171
hsa:6334,D00303
hsa:2561,D08283
hsa:779,D08441
hsa:9177,D06358
hsa:2554,D08283
hsa:2561,D00695
hsa:1141,D00758
hsa:6323,D00553
hsa:2564,D02594
hsa:6329,D02906
hsa:2561,D01286
hsa:2557,D00311
hsa:2568,D00311
hsa:2556,D00713
hsa:57053,D05156
hsa:2567,D00311
hsa:2906,D03878
hsa:2906,D03742
hsa:6326,D08116
hsa:1145,D05156
hsa:6326,D01554
hsa:2902,D09918
hsa:2567,D04300
hsa:9254,D10790
hsa:2554,D00696
hsa:2557,D04300
hsa:1136,D02207
hsa:2563,D00311
hsa:2568,D04300
hsa:2566,D01254
hsa:2567,D00713
hsa:285242,D07129
hsa:2565,D00499
hsa:2561,D01316
hsa:11280,D08490
hsa:6326,D07678
hsa:2567,D04721
hsa:2557,D00280
hsa:2568,D00280
hsa:55879,D00698
hsa:6329,D02991
hsa:11280,D01554
hsa:6328,D08490
hsa:2565,D01293
hsa:2557,D07328
hsa:2568,D07328
hsa:2559,D05346
hsa:6331,D00733
hsa:779,D02914
hsa:1137,D10111
hsa:2558,D01071
hsa:2563,D01279
hsa:55879,D01316
hsa:2556,D06887
hsa:2906,D03744
hsa:6326,D08490
hsa:775,D05024
hsa:3736,D06653
hsa:2558,D01293
hsa:11280,D02762
hsa:2555,D00430
hsa:776,D08340
hsa:3768,D07520
hsa:778,D07494
hsa:2563,D00329
hsa:2905,D08121
hsa:2560,D00696
hsa:2559,D00470
hsa:6336,D01041
hsa:6336,D04095
hsa:55879,D00365
hsa:55879,D01564
hsa:2564,D04282
hsa:6326,D09215
hsa:1142,D00492
hsa:6331,D00533
hsa:55879,D00549
hsa:2556,D00464
hsa:2567,D02770
hsa:2554,D04257
hsa:6261,D10304
hsa:2559,D00058
hsa:11280,D00533
hsa:2561,D01744
hsa:2566,D08690
hsa:2566,D01657
hsa:3785,D04192
hsa:2558,D01593
hsa:2564,D01657
hsa:2564,D00701
hsa:775,D08111
hsa:2561,D01514
hsa:2567,D01253
hsa:778,D02045
hsa:2562,D00532
hsa:2557,D01310
hsa:2568,D01310
hsa:2557,D01740
hsa:2565,D07784
hsa:2568,D01740
hsa:7442,D00250
hsa:2554,D00311
hsa:2565,D01408
hsa:2891,D02696
hsa:6336,D08116
hsa:2563,D00387
hsa:2567,D00714
hsa:6262,D10304
hsa:2560,D07784
hsa:1137,D00492
hsa:2893,D10780
hsa:2555,D00532
hsa:2563,D00531
hsa:6328,D00375
hsa:2562,D01254
hsa:6336,D07678
hsa:6336,D07993
hsa:2561,D02771
hsa:2906,D00536
hsa:2561,D00699
hsa:6334,D01455
hsa:6328,D08215
hsa:6335,D00252
hsa:2554,D00695
hsa:2899,D10109
hsa:775,D00319
hsa:2568,D01253
hsa:6336,D00732
hsa:2556,D07326
hsa:1136,D00999
hsa:1145,D05157
hsa:2564,D02640
hsa:2565,D00696
hsa:2899,D10108
hsa:116444,D00774
hsa:2557,D04721
hsa:2568,D04721
hsa:1139,D10702
hsa:2905,D02599
hsa:2555,D01245
hsa:55584,D00611
hsa:6328,D04521
hsa:3783,D06640
hsa:2558,D02640
hsa:55879,D04257
hsa:6323,D00636
hsa:6328,D01287
hsa:6335,D07993
hsa:776,D03914
hsa:2563,D04257
hsa:6329,D05709
hsa:2560,D00058
hsa:9177,D11056
hsa:2564,D00338
hsa:11280,D00551
hsa:775,D00495
hsa:3752,D00636
hsa:2897,D00775
hsa:6326,D07552
hsa:2566,D01382
hsa:6334,D00538
hsa:6334,D07595
hsa:3767,D02910
hsa:2558,D02283
hsa:2564,D04721
hsa:2555,D00706
hsa:2556,D02624
hsa:6326,D00551
hsa:2905,D03742
hsa:2564,D01268
hsa:2555,D01740
hsa:2566,D00532
hsa:6335,D03991
hsa:55879,D00697
hsa:3784,D03037
hsa:2560,D00694
hsa:775,D01145
hsa:6334,D07468
hsa:2561,D00387
hsa:2557,D07326
hsa:2568,D07326
hsa:285242,D02130
hsa:1138,D07770
hsa:2563,D02283
hsa:6323,D01243
hsa:778,D11102
hsa:776,D08009
hsa:1137,D00759
hsa:9177,D03073
hsa:1136,D05157
hsa:6326,D02088
hsa:2900,D10108
hsa:55879,D00387
hsa:2554,D02771
hsa:1134,D03365
hsa:8973,D02204
hsa:2561,D02617
hsa:6335,D00637
hsa:6331,D01768
hsa:6335,D08448
hsa:2556,D00499
hsa:9177,D04370
hsa:6336,D00537
hsa:57053,D07272
hsa:11280,D00732
hsa:6323,D00477
hsa:2892,D10780
hsa:778,D05442
hsa:2560,D01292
hsa:2558,D00338
hsa:6335,D01326
hsa:1139,D07273
hsa:2557,D05980
hsa:2568,D05980
hsa:2557,D00430
hsa:2568,D00430
hsa:2566,D00370
hsa:2902,D02973
hsa:348980,D07165
hsa:6335,D01455
hsa:2564,D01354
hsa:6328,D06203
hsa:2561,D10194
hsa:2563,D03562
hsa:55584,D02204
hsa:779,D07845
hsa:6329,D06517
hsa:2564,D08507
hsa:11280,D07552
hsa:2555,D07328
hsa:1137,D09383
hsa:2567,D03180
hsa:2559,D08356
hsa:6328,D09612
hsa:2554,D04282
hsa:2555,D11149
hsa:6335,D02088
hsa:285242,D10171
hsa:779,D03914
hsa:2556,D01286
hsa:55879,D00713
hsa:2560,D00225
hsa:2905,D07441
hsa:2560,D01744
hsa:6323,D04048
hsa:6323,D02762
hsa:2905,D00777
hsa:6334,D08377
hsa:2556,D00506
hsa:2565,D00464
hsa:2562,D08145
hsa:6329,D02088
hsa:779,D05024
hsa:2566,D06887
hsa:6323,D01967
hsa:55879,D01593
hsa:2561,D05378
hsa:2562,D01245
hsa:6328,D06172
hsa:776,D01173
hsa:779,D00631
hsa:776,D00618
hsa:1137,D02839
hsa:2559,D00555
hsa:2559,D00695
hsa:2563,D01253
hsa:2560,D01286
hsa:2565,D00697
hsa:2904,D00774
hsa:11280,D08311
hsa:3757,D02537
hsa:1145,D08138
hsa:6323,D04521
hsa:2902,D08596
hsa:55879,D05028
hsa:2560,D01382
hsa:2557,D01292
hsa:2568,D01292
hsa:6334,D00477
hsa:1143,D07273
hsa:11280,D02969
hsa:778,D00495
hsa:285242,D04642
hsa:775,D08441
hsa:55584,D02364
hsa:778,D03914
hsa:2564,D01278
hsa:2567,D00267
hsa:6326,D00303
hsa:1140,D02202
hsa:2567,D01593
hsa:2555,D00457
hsa:6328,D08377
hsa:774,D01173
hsa:2556,D07298
hsa:11280,D00110
hsa:1139,D10789
hsa:6334,D00636
hsa:2555,D00365
hsa:2555,D01564
hsa:11280,D07678
hsa:1143,D00765
hsa:1179,D08275
hsa:2556,D01354
hsa:2566,D02594
hsa:776,D00319
hsa:1145,D02202
hsa:6323,D02239
hsa:778,D08217
hsa:2559,D04257
hsa:2558,D00701
hsa:2565,D07326
hsa:2566,D08481
hsa:1140,D00761
hsa:170572,D00678
hsa:2567,D00537
hsa:6328,D08435
hsa:6336,D02456
hsa:57053,D03365
hsa:2561,D08481
hsa:6331,D00551
hsa:2564,D08283
hsa:6329,D00739
hsa:2565,D00338
hsa:6326,D08435
hsa:2554,D00555
hsa:8913,D05024
hsa:55584,D07272
hsa:2555,D00698
hsa:2903,D08098
hsa:1136,D08138
hsa:2556,D05028
hsa:6328,D00640
hsa:2558,D04282
hsa:3760,D02537
hsa:2559,D08840
hsa:2891,D00537
hsa:2898,D06656
hsa:2900,D06656
hsa:2566,D02770
hsa:6334,D07962
hsa:779,D00319
hsa:9177,D05050
hsa:2905,D00775
hsa:6329,D02910
hsa:6329,D00638
hsa:6334,D04521
hsa:3760,D02910
hsa:2906,D04308
hsa:3768,D00636
hsa:775,D07450
hsa:1142,D07770
hsa:55879,D08283
hsa:1141,D06282
hsa:2556,D10194
hsa:2556,D01071
hsa:2560,D00499
hsa:2564,D01758
hsa:2554,D00697
hsa:2899,D10107
hsa:11280,D08181
hsa:6329,D02182
hsa:6331,D01554
hsa:6335,D08311
hsa:779,D01369
hsa:6331,D02910
hsa:6328,D02906
hsa:1142,D02202
hsa:2562,D00470
hsa:2893,D10108
hsa:2562,D07326
hsa:775,D01007
hsa:779,D10932
hsa:1139,D07272
hsa:6334,D02239
hsa:6335,D01243
hsa:2559,D01316
hsa:6328,D01455
hsa:2564,D00700
hsa:2555,D00370
hsa:778,D01553
hsa:2560,D01071
hsa:2556,D00694
hsa:1141,D07273
hsa:2555,D01316
hsa:2560,D00376
hsa:3785,D09569
hsa:2565,D00550
hsa:2902,D02780
hsa:2906,D08596
hsa:6323,D08448
hsa:2562,D02594
hsa:2558,D02252
hsa:2564,D00537
hsa:3756,D03547
hsa:2557,D01279
hsa:2568,D01279
hsa:2566,D00376
hsa:6335,D00477
hsa:2556,D11149
hsa:2904,D05447
hsa:6335,D07552
hsa:1144,D05157
hsa:6336,D08127
hsa:779,D07185
hsa:2558,D00365
hsa:55584,D00760
hsa:2558,D01564
hsa:2562,D08481
hsa:3762,D00636
hsa:6323,D08377
hsa:3359,D00283
hsa:6323,D00303
hsa:6334,D02762
hsa:1138,D08138
hsa:6335,D02907
hsa:2905,D09918
hsa:6329,D11155
hsa:6328,D00643
hsa:3757,D01026
hsa:2556,D00549
hsa:2560,D03180
hsa:6331,D01287
hsa:1134,D05157
hsa:8973,D05156
hsa:3752,D02910
hsa:2567,D01278
hsa:2555,D08840
hsa:6328,D03991
hsa:6323,D02088
hsa:2564,D07298
hsa:778,D00617
hsa:2562,D00464
hsa:11280,D09833
hsa:6326,D01967
hsa:8911,D05024
hsa:2559,D02833
hsa:2556,D01278
hsa:6334,D00375
hsa:2555,D00697
hsa:1136,D07273
hsa:200909,D10171
hsa:2557,D00549
hsa:2568,D00549
hsa:2891,D06656
hsa:285242,D07867
hsa:2898,D00537
hsa:6326,D00637
hsa:6328,D05775
hsa:6328,D02098
hsa:11280,D00553
hsa:6334,D04048
hsa:3745,D04127
hsa:778,D08270
hsa:6328,D07678
hsa:6336,D02991
hsa:778,D01173
hsa:2555,D04257
hsa:6335,D07962
hsa:170572,D03662
hsa:2557,D07298
hsa:2558,D05346
hsa:2561,D05346
hsa:2565,D05980
hsa:2568,D07298
hsa:2893,D09931
hsa:2559,D01071
hsa:55584,D00763
hsa:6335,D02272
hsa:6335,D00358
hsa:2899,D00537
hsa:6335,D04521
hsa:776,D08441
hsa:6340,D00386
hsa:8913,D08217
hsa:2567,D02616
hsa:6326,D08422
hsa:2556,D02253
hsa:2557,D01293
hsa:2568,D01293
hsa:2904,D03744
hsa:2567,D07784
hsa:6328,D02969
hsa:11280,D02906
hsa:1146,D02202
hsa:6336,D01326
hsa:2557,D00694
hsa:2568,D00694
hsa:778,D07450
hsa:55879,D00699
hsa:2559,D00457
hsa:6328,D01768
hsa:2554,D00293
hsa:2555,D01328
hsa:1144,D05156
hsa:6336,D01287
hsa:6326,D00640
hsa:6329,D02086
hsa:2567,D00280
hsa:2902,D03744
hsa:6338,D00386
hsa:1140,D02275
hsa:2565,D00700
hsa:6329,D08394
hsa:2554,D00693
hsa:2555,D05028
hsa:778,D01007
hsa:2559,D00338
hsa:2562,D01328
hsa:55879,D07784
hsa:6326,D05709
hsa:2564,D01382
hsa:8913,D01303
hsa:1136,D00758
hsa:2565,D04257
hsa:2561,D02252
hsa:1137,D08669
hsa:8973,D00764
hsa:2562,D00531
hsa:2564,D01286
hsa:6323,D00740
hsa:2562,D00693
hsa:2563,D07326
hsa:2558,D02253
hsa:6326,D02762
hsa:2559,D01268
hsa:2562,D00706
hsa:6326,D09612
hsa:6326,D08127
hsa:2560,D06887
hsa:2559,D03737
hsa:8912,D08217
hsa:778,D08441
hsa:6323,D00639
hsa:200909,D02041
hsa:2557,D05346
hsa:2568,D05346
hsa:2557,D02770
hsa:2565,D04721
hsa:2568,D02770
hsa:6323,D05709
hsa:775,D02356
hsa:55879,D01354
hsa:2563,D02594
hsa:6331,D04774
hsa:2561,D00549
hsa:11280,D07962
hsa:2562,D08840
hsa:2555,D01408
hsa:2560,D00293
hsa:6323,D01450
hsa:8989,D00064
hsa:2904,D02973
hsa:6329,D01785
hsa:6331,D02096
hsa:3764,D07520
hsa:1137,D07272
hsa:2557,D00470
hsa:2565,D00370
hsa:2568,D00470
hsa:8913,D00631
hsa:55879,D04282
hsa:2566,D00697
hsa:2560,D01354
hsa:6326,D02096
hsa:2904,D08121
hsa:6335,D11179
hsa:2892,D09931
hsa:6329,D00738
hsa:200909,D05050
hsa:2562,D00329
hsa:6326,D00732
hsa:2561,D04282
hsa:55879,D06887
hsa:2567,D02640
hsa:2904,D00777
hsa:6323,D11155
hsa:2556,D08356
hsa:6334,D08421
hsa:2557,D02624
hsa:2568,D02624
hsa:8913,D00538
hsa:8911,D00538
hsa:56479,D04192
hsa:2561,D01372
hsa:6334,D02272
hsa:776,D08111
hsa:2559,D03155
hsa:2562,D01279
hsa:343450,D03547
hsa:2558,D08481
hsa:2566,D00701
hsa:57053,D00611
hsa:2565,D04882
hsa:2567,D02771
hsa:2561,D01657
hsa:2561,D00701
hsa:6328,D00551
hsa:3757,D00647
hsa:9177,D02016
hsa:776,D07185
hsa:1146,D00761
hsa:8973,D03365
hsa:2564,D00698
hsa:1135,D00760
hsa:6328,D08458
hsa:2557,D00506
hsa:2568,D00506
hsa:55879,D00370
hsa:6328,D07552
hsa:2898,D10109
hsa:2567,D00506
hsa:6331,D00640
hsa:1138,D02202
hsa:2560,D04257
hsa:8911,D07520
hsa:2554,D02617
hsa:3784,D02537
hsa:2566,D00706
hsa:6334,D05709
hsa:2554,D02594
hsa:2562,D05378
hsa:775,D01151
hsa:3762,D03914
hsa:6334,D08394
hsa:2905,D02973
hsa:2565,D01316
hsa:779,D08155
hsa:2563,D05378
hsa:6329,D08435
hsa:2556,D03180
hsa:2559,D01245
hsa:2567,D00457
hsa:200909,D05348
hsa:6331,D00740
hsa:2565,D00698
hsa:6335,D00538
hsa:776,D01369
hsa:6334,D03991
hsa:776,D07450
hsa:6331,D02906
hsa:2556,D00701
hsa:2563,D01292
hsa:6326,D00643
hsa:2556,D05980
hsa:9254,D11203
hsa:6329,D02907
hsa:11280,D00375
hsa:2557,D02616
hsa:2568,D02616
hsa:6334,D00737
hsa:6329,D08116
hsa:11280,D01785
hsa:2903,D04905
hsa:6336,D08448
hsa:57053,D05157
hsa:2554,D01268
hsa:57053,D00612
hsa:2891,D10108
hsa:6329,D01519
hsa:6323,D02272
hsa:6336,D00110
hsa:776,D01969
hsa:2562,D00697
hsa:6329,D08377
hsa:6331,D01455
hsa:2557,D00499
hsa:2568,D00499
hsa:2556,D00700
hsa:6329,D08127
hsa:1134,D02364
hsa:2562,D04282
hsa:2564,D01230
hsa:2890,D02696
hsa:2559,D00550
hsa:2562,D01293
hsa:2892,D04131
hsa:57053,D02364
hsa:2556,D01253
hsa:2566,D00329
hsa:2560,D01593
hsa:2565,D08145
hsa:778,D03067
hsa:200909,D02632
hsa:9177,D00563
hsa:2564,D00693
hsa:3757,D03732
hsa:2564,D02771
hsa:2563,D00225
hsa:2562,D07298
hsa:2567,D01758
hsa:2564,D00697
hsa:9254,D00332
hsa:1135,D02204
hsa:2563,D02640
hsa:2562,D00701
hsa:1138,D00611
hsa:6336,D02088
hsa:9177,D05685
hsa:2558,D10194
hsa:55879,D02617
hsa:2565,D00500
hsa:2563,D02617
hsa:6336,D08459
hsa:6331,D08407
hsa:6334,D01967
hsa:2906,D07589
hsa:6323,D07894
hsa:6335,D04774
hsa:6335,D08422
hsa:775,D00616
hsa:779,D01933
hsa:776,D00631
hsa:2561,D01408
hsa:2561,D02616
hsa:11280,D00354
hsa:2563,D01286
hsa:775,D08270
hsa:11280,D02456
hsa:776,D01145
hsa:2563,D04300
hsa:6331,D00538
hsa:170572,D03060
hsa:6336,D00553
hsa:8913,D02630
hsa:2567,D05346
hsa:6335,D00740
hsa:6334,D01152
hsa:1142,D02364
hsa:2558,D02617
hsa:285242,D08466
hsa:2560,D02616
hsa:2565,D07328
hsa:2566,D05378
hsa:200909,D03496
hsa:55879,D10194
hsa:6334,D00643
hsa:2564,D00225
hsa:2554,D01292
hsa:2559,D00500
hsa:2556,D01382
hsa:2906,D00777
hsa:11280,D02086
hsa:2556,D04721
hsa:2559,D05980
hsa:2890,D06656
hsa:2556,D00280
hsa:2559,D00430
hsa:11280,D08215
hsa:6331,D05708
hsa:2554,D03562
hsa:6335,D05709
hsa:2558,D00387
hsa:2554,D03737
hsa:2555,D02252
hsa:2560,D00550
hsa:6323,D01041
hsa:2556,D04300
hsa:2559,D00700
hsa:6323,D00533
hsa:6336,D00252
hsa:2893,D06656
hsa:55584,D00758
hsa:2561,D01268
hsa:2902,D04905
hsa:9177,D00456
hsa:8913,D00539
hsa:116444,D02599
hsa:170572,D06358
hsa:6335,D01450
hsa:779,D01604
hsa:7442,D05249
hsa:2562,D01268
hsa:11280,D06517
hsa:8913,D00710
hsa:6336,D00733
hsa:2554,D00225
hsa:2906,D03746
hsa:775,D00619
hsa:6331,D09215
hsa:2561,D00499
hsa:1141,D00764
hsa:2563,D04650
hsa:1143,D02202
hsa:55879,D00267
hsa:9177,D06253
hsa:2564,D01740
hsa:6336,D08458
hsa:2559,D04882
hsa:11280,D01450
hsa:2561,D02640
hsa:6326,D00199
hsa:6335,D00737
hsa:6334,D02907
hsa:776,D03536
hsa:2903,D02102
hsa:2567,D04650
hsa:2566,D07328
hsa:2904,D00775
hsa:56479,D09569
hsa:3757,D01856
hsa:6329,D04095
hsa:2556,D01310
hsa:8911,D00404
hsa:776,D07520
hsa:9177,D07867
hsa:2562,D02617
hsa:3757,D03914
hsa:285242,D04294
hsa:11280,D02272
hsa:1135,D00759
hsa:2560,D08145
hsa:6335,D00732
hsa:2905,D02780
hsa:2567,D00549
hsa:57053,D00764
hsa:775,D08009
hsa:2558,D02771
hsa:778,D06129
hsa:2565,D01279
hsa:776,D01553
hsa:2901,D10107
hsa:2892,D00537
hsa:3359,D07129
hsa:6328,D07894
hsa:9177,D06396
hsa:2563,D01293
hsa:2566,D03155
hsa:2554,D07330
hsa:1139,D02207
hsa:170572,D03495
hsa:6334,D00639
hsa:2567,D08690
hsa:6335,D09833
hsa:778,D01849
hsa:6326,D00639
hsa:57053,D00765
hsa:55879,D02624
hsa:200909,D02016
hsa:2556,D00698
hsa:2555,D01253
hsa:2557,D06887
hsa:2567,D01382
hsa:2568,D06887
hsa:2559,D01514
hsa:2903,D00848
hsa:2905,D08098
hsa:2567,D00694
hsa:6323,D02182
hsa:1134,D00761
hsa:2560,D05028
hsa:2562,D08507
hsa:2563,D00555
hsa:2567,D01372
hsa:6335,D09215
hsa:2557,D01372
hsa:2564,D00532
hsa:2568,D01372
hsa:3768,D00631
hsa:776,D01604
hsa:2566,D01268
hsa:2890,D00775
hsa:2558,D00697
hsa:1141,D00767
hsa:2565,D08840
hsa:1137,D08138
hsa:2557,D04282
hsa:55584,D07273
hsa:2568,D04282
hsa:6336,D00533
hsa:779,D01151
hsa:2565,D00693
hsa:2562,D00713
hsa:6328,D08421
hsa:3751,D04127
hsa:1134,D08138
hsa:11280,D02910
hsa:2562,D01230
hsa:2561,D00470
hsa:6326,D01243
hsa:6334,D00552
hsa:2563,D00697
hsa:9177,D00283
hsa:2554,D00430
hsa:2560,D00713
hsa:55879,D08145
hsa:2566,D00699
hsa:2554,D01328
hsa:2555,D00293
hsa:2902,D02102
hsa:3359,D02041
hsa:2556,D00338
hsa:2902,D08122
hsa:2559,D08145
hsa:6328,D07468
hsa:6334,D00199
hsa:779,D03830
hsa:2892,D08964
hsa:3752,D03914
hsa:8973,D00760
hsa:1143,D08138
hsa:2561,D01293
hsa:6334,D07552
hsa:6336,D08407
hsa:57053,D02202
hsa:6331,D00358
hsa:1142,D00767
hsa:2565,D01268
hsa:2557,D00699
hsa:2554,D01593
hsa:3359,D00456
hsa:2568,D00699
hsa:2557,D02771
hsa:2568,D02771
hsa:6323,D01455
hsa:55584,D02207
hsa:2566,D00550
hsa:6331,D07962
hsa:55584,D00767
hsa:2558,D00706
hsa:3359,D00563
hsa:2903,D05714
hsa:6328,D00252
hsa:2558,D01316
hsa:2560,D00267
hsa:2557,D02618
hsa:2568,D02618
hsa:11280,D08127
hsa:2567,D02618
hsa:6328,D02272
hsa:6328,D00537
hsa:2556,D00537
hsa:55879,D07298
hsa:9177,D09749
hsa:2559,D01279
hsa:2562,D03155
hsa:6328,D00733
hsa:6329,D00110
hsa:170572,D02632
hsa:8912,D02630
hsa:55879,D00464
hsa:6328,D08319
hsa:775,D02045
hsa:6334,D00637
hsa:3748,D04127
hsa:6331,D02239
hsa:2567,D00532
hsa:2556,D08481
hsa:2554,D08507
hsa:2902,D08305
hsa:2558,D00695
hsa:6326,D00741
hsa:779,D01173
hsa:2566,D08507
hsa:11280,D00643
hsa:2563,D00470
hsa:2556,D00531
hsa:2560,D00464
hsa:6335,D00533
hsa:11280,D09215
hsa:1145,D03365
hsa:2565,D01514
hsa:2566,D01354
hsa:2905,D05453
hsa:776,D02914
hsa:776,D07886
hsa:2554,D05346
hsa:2556,D01230
hsa:2890,D10108
hsa:779,D01562
hsa:2564,D00280
hsa:2563,D00430
hsa:1134,D00611
hsa:6334,D00740
hsa:6329,D02762
hsa:6328,D06517
hsa:11280,D00636
hsa:6328,D02762
hsa:6323,D00199
hsa:2561,D01279
hsa:1140,D03365
hsa:775,D02537
hsa:3757,D00636
hsa:6326,D01519
hsa:2566,D01230
hsa:6336,D02098
hsa:3758,D01603
hsa:2566,D00267
hsa:6335,D07678
hsa:2562,D00699
hsa:200909,D01838
hsa:2566,D01593
hsa:6331,D01326
hsa:2558,D03737
hsa:57053,D07770
hsa:57053,D00492
hsa:2561,D00706
hsa:2564,D00293
hsa:2560,D02594
hsa:1141,D10112
hsa:2559,D00267
hsa:2560,D00532
hsa:775,D02914
hsa:6334,D01243
hsa:6335,D02239
hsa:6334,D01450
hsa:6326,D00739
hsa:6334,D00642
hsa:2559,D01293
hsa:2562,D00550
hsa:2892,D06656
hsa:2559,D00694
hsa:2564,D06887
hsa:2555,D01230
hsa:6329,D00477
hsa:6331,D00375
hsa:6335,D08490
hsa:6334,D02182
hsa:2563,D02616
hsa:2555,D02640
hsa:2560,D07326
hsa:776,D01908
hsa:1137,D10112
hsa:2558,D00470
hsa:11280,D00741
hsa:2564,D02253
hsa:2555,D02617
hsa:2563,D01514
hsa:2904,D05453
hsa:2562,D00696
hsa:2565,D00470
hsa:2557,D08283
hsa:2568,D08283
hsa:1134,D00999
hsa:55879,D03155
hsa:1135,D08138
hsa:1140,D00611
hsa:2902,D00536
hsa:2565,D05378
hsa:285242,D03073
hsa:55879,D04882
hsa:6336,D06172
hsa:6336,D01785
hsa:776,D00438
hsa:2565,D08507
hsa:2903,D08305
hsa:779,D07509
hsa:6328,D01450
hsa:2559,D01230
hsa:6331,D01152
hsa:2561,D00697
hsa:779,D00629
hsa:57053,D00767
hsa:2554,D00548
hsa:2554,D06887
hsa:2565,D06887
hsa:2906,D06146
hsa:6329,D00642
hsa:1139,D05156
hsa:1135,D08655
hsa:1136,D02204
hsa:6323,D08319
hsa:2555,D00267
hsa:2565,D01254
hsa:2902,D06146
hsa:55584,D05156
hsa:2557,D01268
hsa:2568,D01268
hsa:6329,D01041
hsa:6328,D07595
hsa:2559,D10194
hsa:2565,D00387
hsa:6323,D01554
hsa:2557,D03737
hsa:2568,D03737
hsa:1137,D02364
hsa:2560,D00280
hsa:6326,D00252
hsa:2558,D07328
hsa:11280,D00358
hsa:2567,D06106
hsa:200909,D03495
hsa:1141,D02202
hsa:2556,D04257
hsa:1146,D05157
hsa:6323,D00642
hsa:2565,D02617
hsa:779,D08217
hsa:2893,D10107
hsa:778,D02914
hsa:2556,D01372
hsa:2906,D00774
hsa:6328,D00552
hsa:6328,D02456
hsa:6336,D08435
hsa:2890,D10107
hsa:2566,D02771
hsa:6334,D04095
hsa:1136,D00492
hsa:8973,D07273
hsa:1134,D07770
hsa:2559,D00311
hsa:6326,D00642
hsa:6329,D00637
hsa:6335,D00552
hsa:2558,D00499
hsa:6331,D01041
hsa:2903,D00536
hsa:1134,D04303
hsa:1138,D07273
hsa:2557,D08481
hsa:2568,D08481
hsa:6331,D07993
hsa:3757,D00521
hsa:55879,D05378
hsa:2556,D00695
hsa:6335,D00738
hsa:2565,D00706
hsa:8973,D00765
hsa:2558,D01310
hsa:2555,D00225
hsa:3764,D00636
hsa:778,D04193
hsa:2558,D01268
hsa:1137,D00611
hsa:6331,D09612
hsa:2559,D00506
hsa:6323,D07962
hsa:2566,D00457
hsa:6328,D08127
hsa:2556,D01514
hsa:3784,D00631
hsa:778,D07886
hsa:2556,D02618
hsa:6334,D08116
hsa:2565,D08356
hsa:3742,D04127
hsa:285242,D06396
hsa:1141,D00763
hsa:2564,D00376
hsa:6331,D08421
hsa:1142,D03365
hsa:57053,D00999
hsa:2554,D05378
hsa:55879,D04650
hsa:2555,D08145
hsa:1139,D07770
hsa:2565,D01245
hsa:776,D05442
hsa:6326,D00110
hsa:2562,D00700
hsa:2564,D01593
hsa:6326,D08311
hsa:3762,D02537
hsa:6336,D01455
hsa:6329,D05708
hsa:6331,D06172
hsa:55879,D05980
hsa:6323,D01152
hsa:6331,D00110
hsa:170572,D03073
hsa:2557,D01758
hsa:2568,D01758
hsa:2906,D09918
hsa:2562,D01514
hsa:6334,D00640
hsa:6335,D08458
hsa:6326,D01287
hsa:6263,D10305
hsa:6323,D02456
hsa:2554,D02624
hsa:3739,D04127
hsa:2558,D02616
hsa:2560,D02617
hsa:2562,D00500
hsa:2558,D01408
hsa:2904,D07058
hsa:6334,D00732
hsa:1144,D03365
hsa:2563,D01740
hsa:2566,D00280
hsa:6328,D08448
hsa:8911,D07971
hsa:2555,D06106
hsa:57053,D00763
hsa:2561,D07326
hsa:2566,D01758
hsa:2557,D00387
hsa:2568,D00387
hsa:2563,D00714
hsa:2567,D00387
hsa:2555,D01514
hsa:6328,D01519
hsa:2559,D01310
hsa:2565,D03155
hsa:3779,D04192
hsa:2567,D00695
hsa:6323,D08490
hsa:6262,D10305
hsa:2904,D02780
hsa:6329,D08407
hsa:2563,D10194
hsa:779,D05442
hsa:6335,D06203
hsa:2554,D02640
hsa:1143,D08655
hsa:2565,D04282
hsa:2560,D05346
hsa:2563,D01254
hsa:170572,D05050
hsa:2902,D02599
hsa:2554,D00499
hsa:2567,D10194
hsa:6336,D07595
hsa:1143,D00767
hsa:6328,D02239
hsa:2904,D08596
hsa:6335,D08407
hsa:2554,D08840
hsa:55879,D02594
hsa:2891,D08964
hsa:1138,D05157
hsa:2567,D00470
hsa:775,D00631
hsa:55584,D00765
hsa:55879,D02283
hsa:6334,D01519
hsa:2558,D01354
hsa:2563,D04721
hsa:1139,D00999
hsa:6336,D07468
hsa:2906,D00775
hsa:11280,D00303
hsa:3737,D04127
hsa:6336,D02969
hsa:2567,D03737
hsa:2903,D00777
hsa:2906,D05453
hsa:6336,D02086
hsa:6323,D00640
hsa:6335,D01287
hsa:6331,D00637
hsa:2559,D04721
hsa:2563,D11149
hsa:11280,D05708
hsa:2891,D09035
hsa:55879,D01268
hsa:2557,D00500
hsa:2556,D00500
hsa:2562,D02252
hsa:2566,D00700
hsa:2568,D00500
hsa:6326,D02910
hsa:2555,D04882
hsa:6335,D01554
hsa:8973,D00759
hsa:1146,D03365
hsa:6326,D06517
hsa:6334,D00537
hsa:3359,D06353
hsa:2892,D00775
hsa:776,D01849
hsa:2741,D10470
hsa:6335,D07299
hsa:779,D01104
hsa:1139,D00763
hsa:6329,D00358
hsa:2557,D00700
hsa:2566,D00500
hsa:2568,D00700
hsa:3757,D00110
hsa:6326,D06203
hsa:6329,D02103
hsa:8912,D00538
hsa:6326,D07993
hsa:2558,D04257
hsa:2905,D04728
hsa:2558,D01657
hsa:6335,D00733
hsa:2906,D05714
hsa:200909,D00456
hsa:2555,D00700
hsa:2563,D08145
hsa:2554,D01254
hsa:776,D00437
hsa:2901,D00537
hsa:2564,D01744
hsa:776,D00619
hsa:2554,D00699
hsa:775,D07943
hsa:2558,D01372
hsa:2559,D07326
hsa:8912,D00404
hsa:2556,D00706
hsa:2564,D02770
hsa:2559,D07784
hsa:55879,D00338
hsa:1139,D00611
hsa:6328,D01152
hsa:8911,D08217
hsa:2560,D01293
hsa:8911,D02633
hsa:6323,D00552
hsa:779,D01553
hsa:2556,D00550
hsa:2904,D09918
hsa:6326,D08181
hsa:2561,D00713
hsa:55879,D01254
hsa:6334,D02220
hsa:6331,D08215
hsa:6328,D04095
hsa:778,D10932
hsa:2557,D01382
hsa:2568,D01382
hsa:2893,D10109
hsa:11280,D01326
hsa:2563,D00537
hsa:6323,D00538
hsa:6334,D09215
hsa:776,D09833
hsa:781,D11203
hsa:776,D04193
hsa:11280,D01768
hsa:2558,D00549
hsa:2902,D00777
hsa:6336,D00477
hsa:775,D00629
hsa:2562,D07784
hsa:55879,D01328
hsa:6326,D07894
hsa:8973,D08655
hsa:2555,D01286
hsa:6335,D04095
hsa:6326,D08448
hsa:2560,D02283
hsa:2554,D00532
hsa:6335,D05775
hsa:6336,D08422
hsa:55879,D02253
hsa:1139,D00758
hsa:3359,D02016
hsa:2554,D05028
hsa:6329,D04048
hsa:2565,D02833
hsa:6331,D02098
hsa:2565,D05028
hsa:6329,D07552
hsa:781,D09539
hsa:55879,D00693
hsa:2566,D06106
hsa:2562,D04257
hsa:2563,D00058
hsa:200909,D06396
hsa:2561,D02253
hsa:55584,D02202
hsa:3359,D02632
hsa:9177,D10170
hsa:2563,D06106
hsa:2561,D01740
hsa:6336,D06203
hsa:2902,D05453
hsa:11280,D02098
hsa:2558,D03562
hsa:2559,D06887
hsa:2564,D00694
hsa:2557,D01514
hsa:2568,D01514
hsa:2906,D07306
hsa:55879,D01230
hsa:2554,D01071
hsa:2557,D06106
hsa:2568,D06106
hsa:6328,D09833
hsa:6334,D02456
hsa:55584,D03365
hsa:6329,D01326
hsa:2559,D00714
hsa:6331,D02969
hsa:2559,D04282
hsa:775,D03655
hsa:170572,D05343
hsa:6323,D04774
hsa:2557,D00695
hsa:2568,D00695
hsa:6329,D00737
hsa:2567,D00693
hsa:6335,D07894
hsa:6336,D02910
hsa:11280,D00640
hsa:11280,D01152
hsa:3762,D00631
hsa:2556,D03155
hsa:6328,D07299
hsa:6328,D11155
hsa:170572,D04294
hsa:2555,D00696
hsa:2559,D01292
hsa:2898,D00775
hsa:775,D01562
hsa:1135,D00758
hsa:2564,D00058
hsa:2561,D00714
hsa:3767,D00636
hsa:1136,D08655
hsa:2563,D08283
hsa:2564,D06106
hsa:6329,D08448
hsa:2560,D05980
hsa:2566,D00225
hsa:6331,D00303
hsa:200909,D03073
hsa:6326,D05775
hsa:6336,D04521
hsa:285242,D07481
hsa:1140,D07770
hsa:6326,D07962
hsa:2902,D07589
hsa:6323,D08215
hsa:2559,D00699
hsa:55879,D04300
hsa:6331,D08127
hsa:775,D07845
hsa:6329,D01455
hsa:2557,D00225
hsa:2568,D00225
hsa:11280,D08422
hsa:6336,D02103
hsa:2566,D07784
hsa:8911,D02630
hsa:2556,D01744
hsa:6331,D02088
hsa:775,D01604
hsa:6331,D06203
hsa:2554,D00549
hsa:2560,D00370
hsa:285242,D11056
hsa:8911,D00631
hsa:2561,D04300
hsa:2564,D11149
hsa:6328,D00199
hsa:2567,D00329
hsa:2563,D01278
hsa:2566,D01292
hsa:779,D01145
hsa:3359,D01613
hsa:2554,D08690
hsa:2555,D08507
hsa:6326,D00533
hsa:6335,D00643
hsa:778,D00349
hsa:6336,D05708
hsa:3738,D04127
hsa:7442,D10370
hsa:55879,D01372
hsa:2903,D05453
hsa:779,D01849
hsa:2555,D00537
hsa:2567,D02253
hsa:6326,D00636
hsa:2906,D11299
hsa:775,D00537
hsa:6323,D00737
hsa:2555,D00713
hsa:6331,D08448
hsa:6328,D02096
hsa:6335,D01519
hsa:6323,D01326
hsa:6328,D08394
hsa:170572,D02016
hsa:2564,D01316
hsa:779,D06129
hsa:6335,D01785
hsa:6329,D02220
hsa:2899,D06656
hsa:2559,D01408
hsa:6331,D00354
hsa:6323,D00375
hsa:2561,D00365
hsa:2561,D01564
hsa:2566,D04721
hsa:285242,D00563
hsa:2559,D04650
hsa:1136,D07272
hsa:2556,D01657
hsa:2554,D02253
hsa:11280,D09612
hsa:2567,D00430
hsa:6329,D03492
hsa:2562,D05028
hsa:2566,D01071
hsa:2563,D08481
hsa:2556,D00293
hsa:2562,D00225
hsa:6328,D08422
hsa:2555,D02283
hsa:2554,D07784
hsa:2555,D01268
hsa:6335,D02762
hsa:1136,D00767
hsa:781,D00332
hsa:1141,D00759
hsa:2556,D02770
hsa:2564,D00706
hsa:2891,D09931
hsa:11280,D02103
hsa:6334,D02991
hsa:2555,D04650
hsa:6331,D07552
hsa:6326,D01785
hsa:9177,D05343
hsa:2554,D01245
hsa:11280,D08116
hsa:1144,D02202
hsa:775,D08217
hsa:9177,D04294
hsa:2555,D00338
hsa:6323,D09215
hsa:6328,D00739
hsa:6331,D01785
hsa:11280,D02220
hsa:2555,D00464
hsa:2567,D01310
hsa:2567,D11149
hsa:778,D01604
hsa:6323,D04095
hsa:2555,D08283
hsa:779,D08270
hsa:2562,D01292
hsa:6334,D01326
hsa:2901,D10108
hsa:79054,D04918
hsa:1139,D10693
hsa:2566,D01253
hsa:6334,D04774
hsa:1146,D02275
hsa:1138,D00492
hsa:2903,D09918
hsa:6335,D05708
hsa:778,D09789
hsa:2560,D03155
hsa:3359,D03495
hsa:2558,D00464
hsa:57053,D00759
hsa:55879,D06106
hsa:2563,D06887
hsa:2557,D01230
hsa:2568,D01230
hsa:6328,D02182
hsa:1143,D00758
hsa:2559,D08507
hsa:5024,D11349
hsa:2557,D01254
hsa:2568,D01254
hsa:2563,D01372
hsa:2567,D00555
hsa:6329,D01450
hsa:3747,D04127
hsa:2559,D00549
hsa:775,D00438
hsa:2566,D05980
hsa:2564,D08356
hsa:2563,D02253
hsa:3757,D06206
hsa:9177,D04642
hsa:776,D03655
hsa:2555,D02253
hsa:2555,D01278
hsa:6331,D00553
hsa:2557,D02253
hsa:2568,D02253
hsa:2557,D10194
hsa:2568,D10194
hsa:6336,D00358
hsa:1136,D02364
hsa:2560,D11149
hsa:1141,D02207
hsa:2562,D01071
hsa:1141,D09367
hsa:6329,D00636
hsa:779,D07943
hsa:2567,D00365
hsa:2567,D01564
hsa:55879,D01382
hsa:2554,D08356
hsa:775,D01553
hsa:6335,D11156
hsa:5027,D10799
hsa:6326,D00538
hsa:6326,D02456
hsa:1137,D07273
hsa:6329,D02096
hsa:6326,D02220
hsa:79054,D04849
hsa:6326,D03991
hsa:6323,D02906
hsa:2905,D08596
hsa:2559,D00696
hsa:2563,D02771
hsa:2566,D01286
hsa:6329,D00732
hsa:2567,D01316
hsa:3359,D05348
hsa:8973,D00763
hsa:1141,D00765
hsa:2555,D00714
hsa:2561,D08840
hsa:2557,D00338
hsa:2568,D00338
hsa:57053,D02207
hsa:11280,D03991
hsa:2567,D02833
hsa:775,D04193
hsa:2567,D03562
hsa:2558,D05378
hsa:2566,D02283
hsa:775,D08892
hsa:1139,D00759
hsa:2556,D02617
hsa:2561,D00293
hsa:2567,D01354
hsa:2563,D03180
hsa:8989,D04849
hsa:1144,D08138
hsa:9177,D08466
hsa:3786,D04192
hsa:2902,D03878
hsa:2559,D08481
hsa:779,D02537
hsa:2562,D04650
hsa:55879,D00696
hsa:2555,D02618
hsa:2560,D00701
hsa:6336,D08421
hsa:2557,D02283
hsa:2568,D02283
hsa:6336,D02272
hsa:55879,D00700
hsa:2557,D02594
hsa:1138,D05156
hsa:2568,D02594
hsa:2904,D02599
hsa:11280,D07993
hsa:6326,D01455
hsa:775,D04260
hsa:2554,D00370
hsa:2562,D05980
hsa:2559,D02770
hsa:6331,D05775
hsa:285242,D02632
hsa:6323,D01519
hsa:1142,D00765
hsa:2562,D02624
hsa:2902,D04308
hsa:6326,D00537
hsa:6329,D00733
hsa:93589,D02716
hsa:6323,D08116
hsa:200909,D03662
hsa:2560,D04282
hsa:775,D01933
hsa:55879,D00500
hsa:6323,D02907
hsa:6336,D00354
hsa:6331,D11155
hsa:6331,D02086
hsa:2561,D00338
hsa:2902,D00774
hsa:1136,D00765
hsa:1139,D10613
hsa:2554,D00700
hsa:1137,D06282
hsa:1138,D00999
hsa:2567,D00370
hsa:2566,D00293
hsa:2554,D01253
hsa:2902,D03746
hsa:2560,D00695
hsa:2560,D00338
hsa:2559,D01758
hsa:2563,D02624
hsa:2556,D08145
hsa:6323,D00741
hsa:6328,D00303
hsa:3359,D10184
hsa:170572,D02829
hsa:8912,D01303
hsa:2562,D01382
hsa:11280,D06172
hsa:6336,D00551
hsa:2555,D07784
hsa:200909,D05685
hsa:2558,D00430
hsa:2554,D00714
hsa:2562,D01286
hsa:6336,D03991
hsa:6326,D07595
hsa:779,D00495
hsa:9177,D10184
hsa:6336,D00737
hsa:1145,D02275
hsa:2558,D04650
hsa:779,D01171
hsa:6334,D00110
hsa:2562,D02283
hsa:6336,D06517
hsa:2904,D07441
hsa:1144,D00611
hsa:11280,D07595
hsa:6335,D00553
hsa:2566,D00311
hsa:6335,D11180
hsa:2554,D00457
hsa:776,D03067
hsa:2561,D02283
hsa:6335,D08319
hsa:2563,D02833
hsa:2567,D01230
hsa:2903,D03878
hsa:1139,D00767
hsa:2563,D01354
hsa:2890,D04131
hsa:6334,D07894
hsa:55799,D09539
hsa:2566,D02253
hsa:2564,D00714
hsa:6326,D02969
hsa:6329,D00553
hsa:6329,D09833
hsa:3760,D03914
hsa:1139,D10626
hsa:2554,D04721
hsa:6261,D10305
hsa:2901,D06656
hsa:2557,D01354
hsa:3359,D00274
hsa:2568,D01354
hsa:2565,D00280
hsa:2566,D02624
hsa:55879,D08481
hsa:2903,D04308
hsa:6328,D00638
hsa:6328,D00732
hsa:1136,D03365
hsa:6336,D01967
hsa:778,D09833
hsa:778,D02356
hsa:2903,D02973
hsa:6326,D01152
hsa:285242,D05343
hsa:2897,D10107
hsa:2558,D00698
hsa:778,D08340
hsa:6323,D00638
hsa:2554,D00376
hsa:2555,D03180
hsa:2564,D02833
hsa:2903,D00774
hsa:170572,D07867
hsa:2562,D00293
hsa:1146,D00999
hsa:2564,D00464
hsa:2567,D03155
hsa:2903,D03746
hsa:2559,D00499
hsa:2558,D00699
hsa:778,D04260
hsa:6336,D00643
hsa:2555,D00701
hsa:775,D10932
hsa:2906,D00848
hsa:779,D01007
hsa:9177,D02632
hsa:2905,D07306
hsa:2564,D05378
hsa:778,D00437
hsa:6335,D00639
hsa:170572,D07481
hsa:2566,D08145
hsa:1146,D02364
hsa:2906,D08122
hsa:2562,D06887
hsa:6340,D00649
hsa:2554,D01408
hsa:11280,D02239
hsa:6336,D00741
hsa:6334,D00252
hsa:2890,D08964
hsa:2558,D01514
hsa:6335,D08181
hsa:2902,D05447
hsa:2557,D01286
hsa:2568,D01286
hsa:2561,D01593
hsa:2561,D01254
hsa:2904,D07306
hsa:6329,D08215
hsa:2558,D01744
hsa:2562,D00311
hsa:2565,D01278
hsa:2560,D07328
hsa:2906,D05447
hsa:6331,D00537
hsa:1135,D02202
hsa:776,D10932
hsa:9254,D02716
hsa:55879,D00550
hsa:6323,D02098
hsa:776,D08270
hsa:2560,D00365
hsa:2560,D01564
hsa:8912,D00710
hsa:2567,D08356
hsa:2905,D03744
hsa:2561,D01328
hsa:3757,D00648
hsa:6335,D00110
hsa:3744,D04127
hsa:2566,D00555
hsa:6323,D00354
hsa:6336,D02907
hsa:6334,D08319
hsa:55879,D00376
hsa:2559,D01382
hsa:2564,D00713
hsa:775,D03830
hsa:3767,D00631
hsa:2564,D04650
hsa:2556,D02616
hsa:2906,D03679
hsa:6326,D02907
hsa:2904,D06146
hsa:2567,D00550
hsa:2565,D00531
hsa:6331,D02103
hsa:1137,D05157
hsa:55879,D03737
hsa:6331,D06517
hsa:2561,D01071
hsa:6335,D08116
hsa:200909,D05343
hsa:6331,D03492
hsa:778,D07185
hsa:6334,D01554
hsa:2897,D10108
hsa:2558,D00376
hsa:3359,D02130
hsa:2555,D02594
hsa:8973,D05157
hsa:1143,D02364
hsa:2559,D00706
hsa:6335,D02103
hsa:6323,D07993
hsa:2566,D00365
hsa:2566,D01564
hsa:11280,D03492
hsa:2902,D08098
hsa:6331,D02220
hsa:2563,D01408
hsa:2554,D01279
hsa:11280,D01041
hsa:2563,D04882
hsa:6329,D07678
hsa:2563,D03155
hsa:1141,D05157
hsa:2904,D08305
hsa:1144,D04303
hsa:2902,D08195
hsa:3749,D04127
hsa:2562,D02770
hsa:57657,D07165
hsa:1142,D00999
hsa:200909,D07481
hsa:6336,D00639
hsa:2555,D00499
hsa:3764,D02910
hsa:2558,D00694
hsa:2564,D03562
hsa:2556,D00696
hsa:2899,D00775
hsa:6323,D06517
hsa:1135,D00763
hsa:2554,D00338
hsa:2557,D04882
hsa:2558,D01286
hsa:2568,D04882
hsa:2560,D01372
hsa:775,D00617
hsa:2558,D03180
hsa:2557,D00714
hsa:2568,D00714
hsa:1136,D00764
hsa:6326,D04521
hsa:2565,D02624
hsa:8973,D00758
hsa:2558,D08283
hsa:2556,D00365
hsa:2556,D01564
hsa:6329,D00303
hsa:2566,D00470
hsa:1140,D05156
hsa:2905,D02102
hsa:2556,D00058
hsa:2563,D00693
hsa:6334,D00533
hsa:11280,D04521
hsa:2561,D01245
hsa:775,D00437
hsa:1137,D09368
hsa:285242,D02016
hsa:6331,D07678
hsa:778,D00319
hsa:2567,D01254
hsa:2564,D03155
hsa:776,D08892
hsa:1143,D03365
hsa:2560,D04300
hsa:1135,D00999
hsa:2560,D08481
hsa:6323,D00512
hsa:3767,D07520
hsa:2565,D00537
hsa:2559,D00532
hsa:55879,D01286
hsa:2556,D00470
hsa:2903,D02780
hsa:2560,D01657
hsa:2555,D10194
hsa:1139,D02202
hsa:2562,D00376
hsa:2556,D08507
hsa:2558,D07298
hsa:1138,D00767
hsa:3762,D02910
hsa:2561,D00225
hsa:776,D04260
hsa:6334,D08407
hsa:2554,D00712
hsa:2557,D00376
hsa:2554,D00531
hsa:2568,D00376
hsa:6326,D01041
hsa:6326,D08319
hsa:2562,D00698
hsa:6328,D02086
hsa:779,D04260
hsa:2905,D08122
hsa:2556,D08283
hsa:2565,D01593
hsa:3359,D06396
hsa:200909,D06358
hsa:2554,D01230
hsa:2556,D05346
hsa:10021,D08095
hsa:2555,D01254
hsa:2565,D00267
hsa:2565,D01230
hsa:6328,D00636
hsa:6329,D01768
hsa:3786,D09569
hsa:2903,D11299
hsa:2563,D00338
hsa:8913,D07520
hsa:2564,D00696
hsa:6326,D00553
hsa:2561,D01382
hsa:2906,D02973
hsa:2558,D00537
hsa:775,D04657
hsa:6328,D09215
hsa:1146,D00766
hsa:6336,D00637
hsa:2566,D00430
hsa:3359,D07867
hsa:1139,D03365
hsa:2555,D00470
hsa:2557,D00464
hsa:2568,D00464
hsa:2557,D08145
hsa:2568,D08145
hsa:6323,D00739
hsa:6331,D02456
hsa:6335,D01041
hsa:6329,D02098
hsa:2893,D09035
hsa:6334,D00512
hsa:2561,D00531
hsa:11280,D00733
hsa:2563,D02770
hsa:170572,D04821
hsa:2558,D00311
hsa:776,D00615
hsa:55879,D00293
hsa:2555,D02770
hsa:2566,D00499
hsa:2560,D00387
hsa:2559,D02771
hsa:2563,D00696
hsa:6328,D01041
hsa:11280,D04048
hsa:11280,D00252
hsa:2561,D11149
hsa:2564,D04300
hsa:55879,D02771
hsa:6335,D02098
hsa:3784,D03914
hsa:3359,D10185
hsa:2559,D02618
hsa:2567,D01514
hsa:6329,D00512
hsa:6334,D02098
hsa:170572,D06253
hsa:2566,D01310
hsa:6329,D00551
hsa:2562,D01408
hsa:170572,D11056
hsa:2900,D10109
hsa:55584,D00492
hsa:2560,D00697
hsa:8912,D05024
hsa:2554,D00464
hsa:55879,D00701
hsa:775,D08155
hsa:3359,D10170
hsa:2562,D04300
hsa:776,D08217
hsa:2561,D00500
hsa:6329,D08181
hsa:1141,D08655
hsa:2566,D00698
hsa:781,D10790
hsa:2561,D00058
hsa:2566,D01328
hsa:3752,D00730
hsa:8973,D00767
hsa:3359,D00725
hsa:8973,D02202
hsa:6336,D00642
hsa:3750,D00730
hsa:1143,D00759
hsa:285242,D03496
hsa:8973,D02207
hsa:55879,D00457
hsa:2565,D02618
hsa:2557,D00713
hsa:2568,D00713
hsa:8912,D08667
hsa:6335,D02086
hsa:2556,D00311
hsa:2906,D04905
hsa:2902,D11299
hsa:6334,D02096
hsa:2557,D00537
hsa:2568,D00537
hsa:2564,D08690
hsa:6329,D01967
hsa:2563,D02252
hsa:2564,D05980
hsa:6328,D00477
hsa:2554,D01150
hsa:2566,D00693
hsa:2562,D10194
hsa:2905,D07058
hsa:2565,D03562
hsa:8911,D01303
hsa:778,D01151
hsa:2564,D00329
hsa:6334,D00739
hsa:2564,D00695
hsa:6334,D06172
hsa:2558,D08145
hsa:6334,D01785
hsa:2556,D02771
hsa:2904,D03878
hsa:779,D00349
hsa:6331,D08458
hsa:9177,D03495
hsa:2561,D02594
hsa:6323,D09833
hsa:11280,D00639
hsa:2560,D00699
hsa:8973,D08138
hsa:1143,D07770
hsa:2558,D08356
hsa:6328,D02991
hsa:778,D08892
hsa:2562,D03737
hsa:2558,D01278
hsa:776,D00629
hsa:2564,D00470
hsa:6335,D02182
hsa:2557,D00267
hsa:2559,D02253
hsa:2568,D00267
hsa:1137,D08935
hsa:6336,D05775
hsa:57053,D00760
hsa:2565,D00365
hsa:2560,D01279
hsa:2565,D01564
hsa:3359,D04294
hsa:2906,D08305
hsa:779,D01969
hsa:1141,D05156
hsa:2562,D00499
hsa:2555,D00549
hsa:6336,D00638
hsa:2554,D01316
hsa:6328,D00740
hsa:6335,D02991
hsa:6326,D08215
hsa:2563,D00267
hsa:2561,D02833
hsa:2563,D08356
hsa:1137,D09382
hsa:6336,D01768
hsa:2563,D00695
hsa:776,D01007
hsa:3757,D03037
hsa:2558,D00555
hsa:2556,D04282
hsa:6336,D08215
hsa:6323,D00643
hsa:1141,D08987
hsa:2554,D01286
hsa:2562,D00714
hsa:2565,D00694
hsa:2561,D01758
hsa:6329,D00741
hsa:1139,D00764
hsa:55584,D00999
hsa:2559,D08283
hsa:2566,D04300
hsa:2554,D00506
hsa:3752,D06665
hsa:8973,D07272
hsa:6328,D02103
hsa:3751,D00730
hsa:2558,D00329
hsa:778,D07943
hsa:6335,D00303
hsa:2558,D08507
hsa:6323,D01785
hsa:1142,D05157
hsa:2564,D08840
hsa:2559,D05378
hsa:3359,D06358
hsa:2558,D00700
hsa:6334,D08435
hsa:1137,D09367
hsa:778,D01933
hsa:2563,D03737
hsa:2565,D00549
hsa:2555,D00376
hsa:11280,D08407
hsa:2566,D10194
hsa:778,D03536
hsa:2565,D11149
hsa:2559,D02283
hsa:2561,D00370
hsa:2564,D01514
hsa:6329,D00639
hsa:1136,D02202
hsa:2560,D00531
hsa:1134,D02275
hsa:6326,D08407
hsa:6326,D02991
hsa:2558,D00267
hsa:2560,D01316
hsa:2566,D03180
hsa:1142,D00758
hsa:6328,D00538
hsa:11280,D00637
hsa:1140,D00766
hsa:3359,D05343
hsa:6329,D06172
hsa:2565,D04650
hsa:2566,D03737
hsa:3359,D06253
hsa:2566,D08283
hsa:6331,D04048
hsa:2567,D01740
hsa:2554,D07725
hsa:2554,D04650
hsa:781,D02716
hsa:3757,D02182
hsa:1135,D00767
hsa:9177,D01838
hsa:1145,D07770
hsa:2903,D03679
hsa:1138,D03365
hsa:1141,D07770
hsa:8911,D00710
hsa:2560,D00714
hsa:2560,D01245
hsa:6335,D06172
hsa:55879,D00499
hsa:2564,D08145
hsa:2561,D00693
hsa:6326,D01326
hsa:3741,D04127
hsa:2556,D02640
hsa:6326,D00737
hsa:6335,D00199
hsa:55879,D01740
hsa:2561,D05028
hsa:776,D00537
hsa:1139,D08655
hsa:55879,D01310
hsa:1142,D02204
hsa:3359,D07481
hsa:6336,D08181
hsa:6336,D00640
hsa:2566,D07298
hsa:2565,D01740
hsa:2566,D00058
hsa:2556,D08840
hsa:779,D07494
hsa:6323,D00252
hsa:1138,D00763
hsa:2560,D01740
hsa:6331,D01450
hsa:6329,D07595
hsa:2555,D00699
hsa:2567,D07328
hsa:2564,D02624
hsa:2565,D00311
hsa:2559,D02252
hsa:2558,D06106
hsa:285242,D01613
hsa:2557,D00365
hsa:2557,D01564
hsa:2568,D00365
hsa:2568,D01564
hsa:778,D01104
hsa:9177,D04821
hsa:1136,D07770
hsa:2565,D00329
hsa:10021,D07165
hsa:2566,D00537
hsa:2560,D10194
hsa:55879,D02616
hsa:2904,D08195
hsa:11280,D01967
hsa:776,D01151
hsa:2555,D00500
hsa:2559,D01354
hsa:2562,D03180
hsa:610,D08095
hsa:778,D01969
hsa:2558,D00696
hsa:2555,D01292
hsa:2904,D04905
hsa:2562,D08283
hsa:2892,D02696
hsa:200909,D00283
hsa:2904,D11299
hsa:775,D06129
hsa:6336,D01519
hsa:6334,D09833
hsa:6335,D02906
hsa:1137,D02202
hsa:6326,D08377
hsa:6331,D07894
hsa:2902,D03679
hsa:1141,D03365
hsa:2564,D02617
hsa:6331,D00738
hsa:6334,D02969
hsa:6323,D00537
hsa:2567,D08145
hsa:2558,D03155
hsa:2563,D01328
hsa:6334,D02086
hsa:778,D08155
hsa:2555,D01372
hsa:2559,D00387
hsa:6331,D00552
hsa:2555,D06887
hsa:2557,D01253
hsa:2556,D00555
hsa:55879,D00470
